dataset,seed,scope_type,scope,event_count,mae_full,mse_full,mae_no_update,mse_no_update,mae_no_ltm,mse_no_ltm,mae_delta_full_minus_no_update,mae_delta_full_minus_no_ltm,mse_delta_full_minus_no_update,mse_delta_full_minus_no_ltm,help_share_vs_no_update,harm_share_vs_no_update,help_share_vs_no_ltm,harm_share_vs_no_ltm,online_update_residual_norm_mean,long_term_residual_norm_mean,causal_surprise_mean,causal_surprise_max_mean,rmse_full,rmse_no_update,rmse_no_ltm
intermittent_frozen_5000,42,history,history_65_128,28456,1.2386787108237032,8.77079940993187,1.8091052329570416,11.526608525602164,20.481281815444966,1631.1756236246724,-0.5704265221333383,-19.242603104625452,-2.755809112197183,-1622.4048258262071,0.7768484678099522,0.2231515321900478,0.8989316840033736,0.10106831599662637,1.4746604767791134,6.367513381717646,4.073653404175448,39.801705554324585,2.961553546693335,3.395085937881715,40.38781528660188
intermittent_frozen_5000,42,history,history_gt_128,32741,0.1424394088620712,0.6831773766126545,0.30813680127204357,2.9899466139138875,0.4098672148820254,9.310440381470125,-0.16569739240997236,-0.26742780601995414,-2.3067692417916352,-8.627263013915062,0.8876637854677621,0.11233621453223787,0.651293485232583,0.348706514767417,2.0406901336689116,6.5963957350574685,8.105670122700356,51.10176299058948,0.8265454473969683,1.7291462095247723,3.051301424223789
intermittent_frozen_5000,42,history,history_le_64,25088,0.7145131074167712,1.657185339821862,0.8281769244480232,1.9306219174825932,11.505625748184833,350.9394846199798,-0.11366381703125199,-10.79111264076806,-0.2734365779382114,-349.2822997047702,0.6020408163265306,0.3968032525510204,0.9855707908163265,0.014429209183673469,1.0423447028032922,6.237050472397585,5.062038517129436,38.324192003099895,1.287317109271007,1.3894682139158827,18.73337888956447
intermittent_frozen_5000,42,overall,overall,86285,0.6703037019137084,3.6336007915877273,0.954347895926587,5.49725278966788,10.255408896021503,643.5178358293962,-0.2840441940128786,-9.585105194109177,-1.863651998719323,-639.8842356961513,0.7680709277394681,0.23159297676305268,0.8301558787738309,0.1698441212261691,1.5637424592641744,6.416430153597781,5.890989732564086,43.659934916874555,1.9062006168259749,2.3446220995435234,25.367653337062855
intermittent_frozen_5000,42,quantity,gt_p99,1141,7.41022216636397,106.27163814437513,7.915427767112525,112.76431713715616,168.31605795911275,29906.761517617495,-0.5052056007485553,-160.90583579274877,-6.49267899279632,-29800.489919410058,0.4750219106047327,0.5249780893952674,1.0,0.0,0.7240531121712834,6.437095640836109,2.4827931428770555,48.95873794756262,10.30881361478493,10.61905443705588,172.93571498570645
intermittent_frozen_5000,42,quantity,le_p50,45036,0.06056761948367145,0.032130461968761036,0.1192328194279539,0.07153268675603443,0.0802738192262187,0.04753845137682386,-0.058665199944282445,-0.01970619974519423,-0.03940222474131226,-0.01540798938875007,0.8902433608668621,0.1091127098321343,0.677347011279865,0.322652988720135,1.9066902802806625,6.621370400572683,7.353543363966181,49.22956972234848,0.17924971957791463,0.2674559529268968,0.21803314284031192
intermittent_frozen_5000,42,quantity,p50_p90,29579,0.8222880043587372,1.9054393908742524,1.1963035400629793,3.8798606523983947,11.597343318932857,161.85929313886118,-0.3740155357042422,-10.77505531457412,-1.974421259840606,-159.95385370690906,0.6427533047094223,0.3572466952905778,0.99580783664086,0.00419216335913993,1.1205160221992188,6.177776697276109,4.686513652617414,36.98835882986933,1.3803765395261731,1.9697361885284015,12.722393373059221
intermittent_frozen_5000,42,quantity,p90_p95,7124,1.3271097630881514,4.483403426195182,2.438814279940743,9.900022275367427,21.388503493116787,463.27767611058624,-1.1117045168525914,-20.061393730028634,-5.416618847579246,-458.79427254112966,0.6831836047164515,0.31681639528354855,1.0,0.0,1.5497736368267674,6.18173600012904,3.563276438683623,35.914040195480084,2.117404880082027,3.146430084296714,21.523886175841625
intermittent_frozen_5000,42,quantity,p95_p99,3405,3.7819621978177196,30.109110115508347,4.459635982429403,46.154087546327005,56.92058908179643,3909.5901424010244,-0.6776737846116837,-53.13862688397871,-16.0449774655761,-3879.4810362425146,0.5165932452276064,0.48340675477239353,1.0,0.0,1.18864588091552,6.263074338663692,3.0219778204804477,42.379551867066326,5.487176880282642,6.793679970849893,62.52671542949481
intermittent_frozen_5000,42,quantity_region,body_le_p95,81739,0.44659844314505565,1.0979799757289557,0.7111580102225137,2.3062638765797776,6.105099507436487,98.97560696928514,-0.2645595670774581,-5.6585010642928895,-1.2082839000774364,-97.87762696619463,0.7826374191022645,0.21700779309754217,0.8207098202816281,0.17929017971837188,1.5910891284711643,6.422530023047023,6.058079345471972,43.639305474705964,1.0478453968639436,1.518638823611387,9.94864849963477
intermittent_frozen_5000,42,quantity_region,extreme_tail_gt_p99,1141,7.41022216636397,106.27163814437513,7.915427767112525,112.76431713715616,168.31605795911275,29906.761517617495,-0.5052056007485553,-160.90583579274877,-6.49267899279632,-29800.489919410058,0.4750219106047327,0.5249780893952674,1.0,0.0,0.7240531121712834,6.437095640836109,2.4827931428770555,48.95873794756262,10.30881361478493,10.61905443705588,172.93571498570645
intermittent_frozen_5000,42,quantity_region,tail_p95_p99,3405,3.7819621978177196,30.109110115508347,4.459635982429403,46.154087546327005,56.92058908179643,3909.5901424010244,-0.6776737846116837,-53.13862688397871,-16.0449774655761,-3879.4810362425146,0.5165932452276064,0.48340675477239353,1.0,0.0,1.18864588091552,6.263074338663692,3.0219778204804477,42.379551867066326,5.487176880282642,6.793679970849893,62.52671542949481
intermittent_frozen_5000,42,surprise,no_prior_visible_write,29,0.02503806763681872,0.0006395722408216961,0.02503806763681872,0.0006395722408216961,0.07884149304751692,0.0062390930533152205,0.0,-0.0538034254106982,0.0,-0.00559952082754723,0.0,0.0,1.0,0.0,0.0,7.095357401617642,0.0,0.0,0.025289765535126973,0.025289765535126973,0.0789879297950973
intermittent_frozen_5000,42,surprise,surprise_ge_p99,869,0.2369791090282664,0.140739222003922,0.3770889795553561,0.30982071879536416,0.34563618816083813,0.3590662468546097,-0.14010987052708967,-0.10865707913257174,-0.16908149628843147,-0.21832702441986818,0.7491369390103567,0.2508630609896433,0.5466052934407365,0.4533947065592635,2.3754479038701644,6.593562039462003,14.012407424672151,55.336356111445276,0.37515226509235156,0.5566154137242016,0.5992213671545847
intermittent_frozen_5000,42,surprise,surprise_le_p50,43131,1.1769453451009422,7.112506808751892,1.6698313213160865,10.762584014018815,19.36538684840482,1276.914824915147,-0.4928859762151442,-18.188441503303878,-3.6500772066847995,-1269.802319431228,0.7042962138601007,0.2957037861398994,0.9370754213906471,0.0629245786093529,1.2893631119028934,6.283529155273325,3.9442890114130966,37.86022181047808,2.666928347134938,3.2806377450152606,35.73394499513239
intermittent_frozen_5000,42,surprise,surprise_p50_p90,34503,0.15835640296774892,0.16512321297904092,0.22436591152681445,0.23580700877765776,1.3383923139592322,12.749281961685627,-0.06600950855906554,-1.1800359109949383,-0.07068379568446889,-12.584158739310476,0.837492391965916,0.16250760803408398,0.7595281569718575,0.24047184302814248,1.7334090335605503,6.537796184276769,6.908616208368166,47.64273082450228,0.406353556621621,0.48559963836236303,3.5706136673806683
intermittent_frozen_5000,42,surprise,surprise_p90_p99,7753,0.18107743051364839,0.1207462898151631,0.2908164591431295,0.22238409283682048,0.4073600122947993,1.4346015862240225,-0.1097390286294811,-0.2262825817811509,-0.10163780281166537,-1.3138552949025109,0.8189088094930994,0.18109119050690056,0.5808074293821747,0.41919257061782533,2.249957642812168,6.593270641564554,11.303773072832064,57.05453660468755,0.34748566850326806,0.4715761792508401,1.1977485488298545
yellow_trip_hourly,42,history,history_65_128,1475,1.2913284663830773,6.811352525176303,1.4195498926760786,12.321853697092504,4.42404098575398,73.19361968410828,-0.12822142629300134,-3.1327125209873006,-5.510501114150225,-66.38226714170585,0.4928813559322034,0.5071186440677966,0.8813559322033898,0.11864406779661017,8.057604095006393,6.953808448759176,4.38130883152202,36.44827374474477,2.6098568016610226,3.510249805511355,8.555326977042332
yellow_trip_hourly,42,history,history_gt_128,5552,49.736246164383566,20358.020054080996,77.40168791682989,49322.65705089375,69.35818639363266,27678.033183631123,-27.6654417508789,-19.621940231890086,-28964.637167408127,-7320.013162439378,0.6104106628242075,0.3895893371757925,0.7480187319884726,0.25198126801152737,4.907096170576058,4.548712967580952,2.589678591047481,28.989621417323175,142.68153368281753,222.08704836368497,166.36716377828625
yellow_trip_hourly,42,history,history_le_64,1241,0.5149413287687648,0.6953239317453845,0.5318949418044878,0.7170104849484777,2.5945010955635337,8.276069407364666,-0.016953613035723052,-2.079559768908068,-0.02168655332952166,-7.580745475701417,0.5245769540692989,0.42304593070104757,0.9315068493150684,0.0684931506849315,6.061832961490517,8.286640638886297,7.87989206145023,39.711709192354384,0.833860858744062,0.8467647164050223,2.876815845229699
yellow_trip_hourly,42,overall,overall,8268,33.705780162261085,13671.823534377312,52.308670661431556,33122.69672118736,47.75301005938922,18600.226345753337,-18.602890498117947,-14.04722989950713,-19450.873301355343,-4928.402833458247,0.5765602322206096,0.4155781325592646,0.7993468795355588,0.20065312046444123,5.642464765890474,5.53882957072897,3.703346893112038,31.929585509214878,116.92657326021879,181.9964195284824,136.38264679112712
yellow_trip_hourly,42,quantity,gt_p99,79,615.0332278481013,575793.0442644554,1127.3634017751187,1466294.1933840981,523.326561263845,416514.8793016748,-512.3301739270174,91.70666658425633,-890501.1575356013,159278.16569557672,0.9240506329113924,0.0759493670886076,0.3670886075949367,0.6329113924050633,1.8365442496311815,1.9262242256840574,1.4051394704021984,20.331412931031817,758.8102821288437,1210.906352028966,645.3796396708489
yellow_trip_hourly,42,quantity,le_p50,4364,1.6384146465389802,13.790024107640557,1.4711388813640742,21.092137936947463,4.727089786125257,69.85321608081114,0.167275765967085,-3.088675139176529,-7.302113804446277,-56.06319195691729,0.4970210815765353,0.4880843263061412,0.884051329055912,0.11594867094408799,7.303516507695073,7.13587528352449,4.827384065259607,36.633674204622686,3.713492171479638,4.59261776516917,8.357823644993422
yellow_trip_hourly,42,quantity,p50_p90,3138,22.990214064745786,2260.889851654019,30.002731919668523,3570.2495157884755,46.38107777447211,7497.083912980589,-7.012517853251227,-23.390863716564336,-1309.3596645241694,-5236.194074195108,0.6360739324410453,0.36392606755895474,0.7418738049713193,0.25812619502868067,4.197854187246946,4.1286356473820005,2.633348110149133,28.039942375484586,47.54881546005136,59.75156496518292,86.5857027053577
yellow_trip_hourly,42,quantity,p90_p95,386,154.4979700276271,41540.07592137011,225.0958299389775,80751.44155628662,229.1130102286067,91281.40611662333,-70.59785991135038,-74.61504020097959,-39211.365730246114,-49741.33032835333,0.727979274611399,0.27202072538860106,0.6606217616580311,0.3393782383419689,2.198738426433326,2.3695460666028945,1.8288687921558637,21.45903033913726,203.81382661971222,284.1679812299173,302.12812864184514
yellow_trip_hourly,42,quantity,p95_p99,301,302.86450398087106,147380.94737539775,518.1753059463248,383905.8794093211,328.4671926910299,205371.04467418583,-215.3108019654537,-25.602688710158844,-236524.9328455117,-57990.097793072164,0.8239202657807309,0.1760797342192691,0.46179401993355484,0.5382059800664452,2.035502248824237,2.0983654367567297,1.5686787703504594,20.75000748998699,383.9022627901505,619.601387514038,453.17882196124947
yellow_trip_hourly,42,quantity_region,body_le_p95,7888,17.61277252577744,2939.8226832333826,23.764656845669112,5383.563071910207,32.27820281835526,7487.995881709731,-6.1518843187884436,-14.665430295071422,-2443.7403934830686,-4548.173210099978,0.5636409736308317,0.4281186612576065,0.8165567951318459,0.18344320486815416,5.818220779889133,5.706296042151916,3.8078212201081474,32.472347757879184,54.22013171538209,73.37276791773776,86.5332068151281
yellow_trip_hourly,42,quantity_region,extreme_tail_gt_p99,79,615.0332278481013,575793.0442644554,1127.3634017751187,1466294.1933840981,523.326561263845,416514.8793016748,-512.3301739270174,91.70666658425633,-890501.1575356013,159278.16569557672,0.9240506329113924,0.0759493670886076,0.3670886075949367,0.6329113924050633,1.8365442496311815,1.9262242256840574,1.4051394704021984,20.331412931031817,758.8102821288437,1210.906352028966,645.3796396708489
yellow_trip_hourly,42,quantity_region,tail_p95_p99,301,302.86450398087106,147380.94737539775,518.1753059463248,383905.8794093211,328.4671926910299,205371.04467418583,-215.3108019654537,-25.602688710158844,-236524.9328455117,-57990.097793072164,0.8239202657807309,0.1760797342192691,0.46179401993355484,0.5382059800664452,2.035502248824237,2.0983654367567297,1.5686787703504594,20.75000748998699,383.9022627901505,619.601387514038,453.17882196124947
yellow_trip_hourly,42,surprise,no_prior_visible_write,65,0.21551443980290338,0.13509708438382054,0.21551443980290338,0.13509708438382054,1.992859407571646,4.2536116395718775,0.0,-1.7773449732707096,0.0,-4.118514545147235,0.0,0.0,0.9384615384615385,0.06153846153846154,0.0,10.102912213252141,0.0,0.0,0.36755555278599794,0.36755555278599794,2.062428578053523
yellow_trip_hourly,42,surprise,surprise_ge_p99,83,0.38742922443941413,0.3968344249936867,0.43084914569395133,0.3975229437965465,2.3341827248952476,6.336338149271457,-0.04341992125453719,-1.9467535133821419,-0.0006885188793011728,-5.939503697027643,0.5903614457831325,0.40963855421686746,0.9156626506024096,0.08433734939759036,5.053181177162262,9.020112991333008,12.724414882889713,41.39458244967173,0.6299479541943817,0.630494205997602,2.5172084040205047
yellow_trip_hourly,42,surprise,surprise_le_p50,4102,63.70736663882643,27294.436732119306,99.94814775555032,66297.7238105821,86.59108966173397,36724.210914081006,-36.240781116723895,-22.883723029446333,-39003.28731061199,-9429.774222030372,0.6194539249146758,0.38054607508532423,0.727206240858118,0.27279375914188203,4.545146685033703,4.2875861328500235,2.2636593602623143,27.957361789054257,165.21028034634924,257.48344376014177,191.63562015993008
yellow_trip_hourly,42,surprise,surprise_p50_p90,3281,5.1519083605965115,328.0026654194253,6.714101073582773,580.4593678471564,11.386060294855008,955.9621625487875,-1.5621927103339373,-6.2341519310793405,-252.45670083802298,-627.9595026800677,0.5281926241999391,0.47180737580006094,0.8549222797927462,0.14507772020725387,7.051453276038061,6.270817313787233,4.142327620393799,34.841883128316475,18.11084386270903,24.092724375776942,30.918637786111915
yellow_trip_hourly,42,surprise,surprise_p90_p99,737,0.5457205342955311,0.8670872039749575,0.572662680249363,0.9015714355491273,2.6381282544362494,9.014926706598125,-0.026942145953831872,-2.0924077226478337,-0.03448423199965953,-8.147839509648254,0.6024423337856174,0.39755766621438265,0.9280868385345997,0.07191316146540028,6.041349723187037,8.449734457474065,9.072778912703411,42.823264646077256,0.9311751736246825,0.9495111560951389,3.0024867537756306
raf_spare_parts,42,history,history_le_64,6690,9.304530495556659,1382.885220301347,9.304530495556659,1382.885220301347,9.83347325018525,1377.6105032331197,0.0,-0.5289427546107716,0.0,5.2747170797968215,0.0,0.0,0.658744394618834,0.3412556053811659,0.0,5.031519327819437,0.0,0.0,37.187164725229415,37.187164725229415,37.11617576250441
raf_spare_parts,42,overall,overall,6690,9.304530495556659,1382.885220301347,9.304530495556659,1382.885220301347,9.83347325018525,1377.6105032331197,0.0,-0.5289427546107716,0.0,5.2747170797968215,0.0,0.0,0.658744394618834,0.3412556053811659,0.0,5.031519327819437,0.0,0.0,37.187164725229415,37.187164725229415,37.11617576250441
raf_spare_parts,42,quantity,gt_p99,50,323.24715606689455,134062.9459375,323.24715606689455,134062.9459375,322.9956381225586,134350.248671875,0.0,0.2515179443359375,0.0,-287.302734375,0.0,0.0,0.46,0.54,0.0,2.2659271287918092,0.0,0.0,366.1460718586231,366.1460718586231,366.53819537924693
raf_spare_parts,42,quantity,le_p50,3626,1.394408287524651,13.70670875725134,1.394408287524651,13.70670875725134,2.7426146997382346,23.182677727260238,0.0,-1.3482064127067275,0.0,-9.475968985097618,0.0,0.0,0.9233314947600662,0.0766685052399338,0.0,5.894189837800161,0.0,0.0,3.7022572516305967,3.7022572516305967,4.814839325175892
raf_spare_parts,42,quantity,p50_p90,2555,5.72402446848539,75.68585097952071,5.72402446848539,75.68585097952071,5.5315261479693145,73.06188067976794,0.0,0.19249832126259103,0.0,2.6239703439948845,0.0,0.0,0.3557729941291585,0.6442270058708415,0.0,4.3093139036061014,0.0,0.0,8.699761547279369,8.699761547279369,8.547624271092403
raf_spare_parts,42,quantity,p90_p95,235,29.22373043628449,977.2809493775063,29.22373043628449,977.2809493775063,26.933320041413,852.3836655190651,0.0,2.2904103948714885,0.0,124.89728411816536,0.0,0.0,0.20425531914893616,0.7957446808510639,0.0,2.695409961964222,0.0,0.0,31.26149307658715,31.26149307658715,29.19561038099846
raf_spare_parts,42,quantity,p95_p99,224,87.21592674936566,9266.142538530486,87.21592674936566,9266.142538530486,85.84398981503078,9052.045433316913,0.0,1.3719369343348913,0.0,214.09710502624512,0.0,0.0,0.35267857142857145,0.6473214285714286,0.0,2.37284477693694,0.0,0.0,96.26080478850406,96.26080478850406,95.14223790366145
raf_spare_parts,42,quantity_region,body_le_p95,6416,4.137871511856517,73.6812497366245,4.137871511856517,73.6812497366245,4.739261287257558,73.41702867406998,0.0,-0.6013897753824617,0.0,0.26422108115832743,0.0,0.0,0.6709788029925187,0.3290211970074813,0.0,5.145893191496036,0.0,0.0,8.583778290276637,8.583778290276637,8.568373747337938
raf_spare_parts,42,quantity_region,extreme_tail_gt_p99,50,323.24715606689455,134062.9459375,323.24715606689455,134062.9459375,322.9956381225586,134350.248671875,0.0,0.2515179443359375,0.0,-287.302734375,0.0,0.0,0.46,0.54,0.0,2.2659271287918092,0.0,0.0,366.1460718586231,366.1460718586231,366.53819537924693
raf_spare_parts,42,quantity_region,tail_p95_p99,224,87.21592674936566,9266.142538530486,87.21592674936566,9266.142538530486,85.84398981503078,9052.045433316913,0.0,1.3719369343348913,0.0,214.09710502624512,0.0,0.0,0.35267857142857145,0.6473214285714286,0.0,2.37284477693694,0.0,0.0,96.26080478850406,96.26080478850406,95.14223790366145
raf_spare_parts,42,surprise,no_prior_visible_write,6690,9.304530495556659,1382.885220301347,9.304530495556659,1382.885220301347,9.83347325018525,1377.6105032331197,0.0,-0.5289427546107716,0.0,5.2747170797968215,0.0,0.0,0.658744394618834,0.3412556053811659,0.0,5.031519327819437,0.0,0.0,37.187164725229415,37.187164725229415,37.11617576250441
