backbone,backbone_label,variant,seed,stratum_order,stratum,stratum_label,share,count,joint_objective,time_nll,log_qty_mse,qty_mae,qty_rmse,qty_bias
rmtpp,Count-aware RMTPP,count_only_log_regression,42,0,history_le_64,History <= 64,0.2907573738193197,25088,-3.5892323648785145,-3.5994948222377925,0.01026245751540888,2.302439117193583,6.329525480735437,-2.1903500611661
rmtpp,Count-aware RMTPP,count_only_log_regression,42,1,history_65_128,History 65-128,0.3297908095265689,28456,-3.5848571331456767,-3.599494752218323,0.014637618813903639,6.069405027632469,16.185391431348354,-5.956400163700013
rmtpp,Count-aware RMTPP,count_only_log_regression,42,2,history_gt_128,History > 128,0.3794518166541114,32741,-3.5948880396366687,-3.599494835520733,0.004606797040183129,0.09995691095084897,0.4624359102941882,-0.012010092029450362
rmtpp,Count-aware RMTPP,count_only_log_regression,52,0,history_le_64,History <= 64,0.2907573738193197,25088,-3.588420705546682,-3.5994937520911345,0.011073045738521713,2.443641705516897,7.008406104982521,-2.333049567247627
rmtpp,Count-aware RMTPP,count_only_log_regression,52,1,history_65_128,History 65-128,0.3297908095265689,28456,-3.5803643584938443,-3.5994933666826334,0.019129008426174734,6.850679340579887,18.095099445253204,-6.769084449523381
rmtpp,Count-aware RMTPP,count_only_log_regression,52,2,history_gt_128,History > 128,0.3794518166541114,32741,-3.5950846473843217,-3.5994947636696555,0.004410117224956036,0.15681423730336988,1.0500790542964606,-0.09431525639879482
rmtpp,Count-aware RMTPP,count_only_log_regression,62,0,history_le_64,History <= 64,0.2907573738193197,25088,-3.5893474388582516,-3.599494295223255,0.010146856007644506,2.3284505458990568,6.843736379046426,-2.2008110788788606
rmtpp,Count-aware RMTPP,count_only_log_regression,62,1,history_65_128,History 65-128,0.3297908095265689,28456,-3.5808184821517877,-3.599494155928899,0.018675673665556492,6.769493495411322,17.548452877128735,-6.689333754242103
rmtpp,Count-aware RMTPP,count_only_log_regression,62,2,history_gt_128,History > 128,0.3794518166541114,32741,-3.595066482424172,-3.599494469981017,0.004427988935271617,0.15739315915153604,1.1199896081385636,-0.09079159430092007
thp,Count-aware THP,count_only_log_regression,42,0,history_le_64,History <= 64,0.2907573738193197,25088,-3.596524592945162,-3.599483896873663,0.0029593037155147507,0.7751778492214614,1.5496457602323845,-0.22152440803249043
thp,Count-aware THP,count_only_log_regression,42,1,history_65_128,History 65-128,0.3297908095265689,28456,-3.5964248851507206,-3.5994882899906515,0.0030634053474298813,1.1182609584317604,2.916169225670823,0.030794976413719165
thp,Count-aware THP,count_only_log_regression,42,2,history_gt_128,History > 128,0.3794518166541114,32741,-3.5936083148895595,-3.5994865331131014,0.005878218966637625,0.09733397245174082,0.3266996778100668,-0.002770170081983813
thp,Count-aware THP,count_only_log_regression,52,0,history_le_64,History <= 64,0.2907573738193197,25088,-3.596506336808433,-3.5994806386891525,0.0029743016589036733,0.7421969630308829,1.4674744881153174,-0.197749418420337
thp,Count-aware THP,count_only_log_regression,52,1,history_65_128,History 65-128,0.3297908095265689,28456,-3.5966309288645983,-3.599480010952412,0.002849081949287372,1.0476981881761906,2.7370025401198714,0.08937558650945324
thp,Count-aware THP,count_only_log_regression,52,2,history_gt_128,History > 128,0.3794518166541114,32741,-3.5934542284958204,-3.5994796248217193,0.006025397119574703,0.12315044331057609,0.44299072227004893,0.03436576493596671
thp,Count-aware THP,count_only_log_regression,62,0,history_le_64,History <= 64,0.2907573738193197,25088,-3.5966263761724897,-3.5994891816731163,0.0028628061650104513,0.7709179510438473,1.9362243484861803,0.09283105553869082
thp,Count-aware THP,count_only_log_regression,62,1,history_65_128,History 65-128,0.3297908095265689,28456,-3.595993637192407,-3.5994893214509567,0.0034956845524388176,1.5063324683577048,4.491403328494774,0.8123418421939849
thp,Count-aware THP,count_only_log_regression,62,2,history_gt_128,History > 128,0.3794518166541114,32741,-3.593227503546644,-3.59948606507983,0.0062585621939093,0.10291088448087528,0.3088090219866636,0.012526705099671905
titantpp,Count-aware TitanTPP,count_only_log_regression,42,0,history_le_64,History <= 64,0.2907573738193197,25088,-3.594236746658476,-3.599457734502016,0.00522098798499853,0.9570140412020288,1.6028622938055928,-0.5772809362970293
titantpp,Count-aware TitanTPP,count_only_log_regression,42,1,history_65_128,History 65-128,0.3297908095265689,28456,-3.594745744094106,-3.5994252017082577,0.004679458273479524,1.3019433354067105,2.547899542668012,-0.5727233565968847
titantpp,Count-aware TitanTPP,count_only_log_regression,42,2,history_gt_128,History > 128,0.3794518166541114,32741,-3.5713117826305725,-3.582088032944398,0.010776250874681967,0.1435155583969569,0.45551861075001365,0.0854843325742509
titantpp,Count-aware TitanTPP,count_only_log_regression,52,0,history_le_64,History <= 64,0.2907573738193197,25088,-3.5956292807466674,-3.5994521484767295,0.003822867976860733,0.7666455593378264,1.3874247358251433,0.1646845601213982
titantpp,Count-aware TitanTPP,count_only_log_regression,52,1,history_65_128,History 65-128,0.3297908095265689,28456,-3.5953248489311918,-3.599388445114064,0.004063597228136282,1.1542521804730344,2.5981774247081284,0.4599542446373754
titantpp,Count-aware TitanTPP,count_only_log_regression,52,2,history_gt_128,History > 128,0.3794518166541114,32741,-3.574333031071714,-3.5846676365966044,0.0103346058182506,0.18059457862156159,0.9992506582994599,0.09236662966071757
titantpp,Count-aware TitanTPP,count_only_log_regression,62,0,history_le_64,History <= 64,0.2907573738193197,25088,-3.5950829777011304,-3.5994529385138683,0.00436996090918696,0.8557699384495654,1.7363025433184118,0.12604000777414792
titantpp,Count-aware TitanTPP,count_only_log_regression,62,1,history_65_128,History 65-128,0.3297908095265689,28456,-3.5953280338585496,-3.599430780339382,0.0041027469161671925,1.4644179060648825,3.4706226460375853,0.9589691802142944
titantpp,Count-aware TitanTPP,count_only_log_regression,62,2,history_gt_128,History > 128,0.3794518166541114,32741,-3.5681103673693,-3.58129456833263,0.013184200629073153,0.19712022925329092,0.8048090055927329,0.131352039389632
