model,model_label,seed,stratum_order,stratum,stratum_label,share,count,nll,nll_marker,nll_time,mark_acc,qty_mae,qty_rmse,qty_bias
rmtpp,Adapted RMTPP,42,0,le_p50,<= 2,0.5219447180854146,45036,-3.537150761330734,0.062339915002902625,-3.599490676333631,0.9756639133137934,0.07059434094266175,0.15127079639140545,0.04575716985834779
rmtpp,Adapted RMTPP,42,1,p50_p90,"(2, 31]",0.34280581792895637,29579,-3.5049067928134474,0.09457583593913968,-3.5994826287525883,0.9618310287704115,0.8420162089452399,1.25740900913891,-0.25712886915442595
rmtpp,Adapted RMTPP,42,2,p90_p95,"(31, 46]",0.08256359738077301,7124,-3.403146353793138,0.19633547901394358,-3.5994818328070814,0.9093206064008984,1.5797101558426134,2.3324237895048787,-1.3254683163646632
rmtpp,Adapted RMTPP,42,3,p95_p99,"(46, 187]",0.03946224720403314,3405,-3.499234965344996,0.10021378562285065,-3.5994487509678463,0.9615271659324522,3.999687651915697,6.08312146989088,0.9299530432612886
rmtpp,Adapted RMTPP,42,4,gt_p99,> 187,0.013223619400822855,1141,-3.568079186129495,0.0314063549709695,-3.5994855411004645,0.9903593339176161,8.432350045019446,13.552218680103271,-2.2863152225638146
rmtpp,Adapted RMTPP,52,0,le_p50,<= 2,0.5219447180854146,45036,-3.538345740054527,0.06114387025646802,-3.5994896103109917,0.975330846433964,0.05146256478977983,0.143166373600825,0.0009897441434250367
rmtpp,Adapted RMTPP,52,1,p50_p90,"(2, 31]",0.34280581792895637,29579,-3.4992825968457244,0.10019280603209256,-3.599475402877814,0.963352378376551,0.7898299161470332,1.227215935635191,0.22394338636757163
rmtpp,Adapted RMTPP,52,2,p90_p95,"(31, 46]",0.08256359738077301,7124,-3.4017174648690096,0.1977262705969083,-3.599443735465918,0.907636159460977,1.4068212139680103,2.077822800940161,0.044877345209908846
rmtpp,Adapted RMTPP,52,3,p95_p99,"(46, 187]",0.03946224720403314,3405,-3.4993180076436246,0.10013571090310402,-3.599453718546729,0.9600587371512481,2.668227648069855,3.771315420307889,0.08614071693364395
rmtpp,Adapted RMTPP,52,4,gt_p99,> 187,0.013223619400822855,1141,-3.564473342008693,0.03500546799826701,-3.59947881000696,0.9912357581069238,8.546030751662125,14.63650468454865,-4.436632642821196
rmtpp,Adapted RMTPP,62,0,le_p50,<= 2,0.5219447180854146,45036,-3.5398389900919187,0.05964335058058404,-3.599482340672499,0.9755306865618616,0.05054452367876698,0.14219756472516146,0.0022475782158806984
rmtpp,Adapted RMTPP,62,1,p50_p90,"(2, 31]",0.34280581792895637,29579,-3.5005270439812413,0.098940023330374,-3.599467067311617,0.9644680347543866,0.8194152475543928,1.3587293720533467,-0.05025959168443203
rmtpp,Adapted RMTPP,62,2,p90_p95,"(31, 46]",0.08256359738077301,7124,-3.4118331803659476,0.18765463191484108,-3.5994878122807887,0.9058113419427288,1.663570807262594,2.2397863810393814,0.4743514529511475
rmtpp,Adapted RMTPP,62,3,p95_p99,"(46, 187]",0.03946224720403314,3405,-3.4952126237287797,0.10424231505894006,-3.5994549387877206,0.958590308370044,3.1637560963455624,4.284714019483553,0.7781417107267001
rmtpp,Adapted RMTPP,62,4,gt_p99,> 187,0.013223619400822855,1141,-3.5630746959137043,0.03639173095404923,-3.599466426867753,0.9886064855390009,8.237225919517899,13.310725357999626,-2.2456341943230993
thp,Adapted THP,42,0,le_p50,<= 2,0.5219447180854146,45036,-3.5145701741080604,0.08486438095056385,-3.5994345550586235,0.9670263788968825,0.12042224414872281,0.18671126513845,-0.07814558728495737
thp,Adapted THP,42,1,p50_p90,"(2, 31]",0.34280581792895637,29579,-3.4402542354302263,0.1591052959697827,-3.5993595314000086,0.9419858683525474,1.3410626648325092,2.1029434744654107,0.8007966322381226
thp,Adapted THP,42,2,p90_p95,"(31, 46]",0.08256359738077301,7124,-3.3030704992499342,0.2963092874267328,-3.5993797866766672,0.8717012914093206,2.5749662378944085,3.6529491673867502,-0.11588722477462572
thp,Adapted THP,42,3,p95_p99,"(46, 187]",0.03946224720403314,3405,-3.4746444067987983,0.12481227373992275,-3.599456680538721,0.9506607929515418,8.941405489301191,11.12516767962559,7.319553162382913
thp,Adapted THP,42,4,gt_p99,> 187,0.013223619400822855,1141,-3.5316235895036656,0.06783055744905128,-3.599454146952717,0.9780893952673094,31.85574497286423,38.815000669798664,28.487977986582322
thp,Adapted THP,52,0,le_p50,<= 2,0.5219447180854146,45036,-3.503201032647728,0.09181907808499437,-3.5950201107327198,0.961697308819611,0.10602508142268915,0.18612160694699775,-0.0487674834506636
thp,Adapted THP,52,1,p50_p90,"(2, 31]",0.34280581792895637,29579,-3.433837790626099,0.16110210429498772,-3.5949398949210836,0.9438452956489402,2.2276675220459388,3.3610324031729446,1.9208754502742382
thp,Adapted THP,52,2,p90_p95,"(31, 46]",0.08256359738077301,7124,-3.3394108973917853,0.2555620926640377,-3.5949729900558234,0.907636159460977,2.7604195947127685,3.835357485584712,1.8297076177088347
thp,Adapted THP,52,3,p95_p99,"(46, 187]",0.03946224720403314,3405,-3.444685437457554,0.15026121255877156,-3.5949466500163254,0.945374449339207,14.809910036778835,18.004076941398555,14.20219532970815
thp,Adapted THP,52,4,gt_p99,> 187,0.013223619400822855,1141,-3.5456014782555383,0.0493656414862776,-3.594967119741816,0.9842243645924628,31.736532279841217,37.087520119343516,30.922910431202414
thp,Adapted THP,62,0,le_p50,<= 2,0.5219447180854146,45036,-3.4961100891898043,0.09398668037792325,-3.5900967695677255,0.9616528999023004,0.10945284549778525,0.18449225721935655,-0.06116515900951283
thp,Adapted THP,62,1,p50_p90,"(2, 31]",0.34280581792895637,29579,-3.458881396798184,0.13118808413057023,-3.5900694809287534,0.9537847797423848,1.4919535201865932,2.4496172824066766,0.9883934543664687
thp,Adapted THP,62,2,p90_p95,"(31, 46]",0.08256359738077301,7124,-3.2096777757009574,0.38040615595073923,-3.5900839316516966,0.8476979225154407,4.0587842655878,11.974613969734392,2.566124441916858
thp,Adapted THP,62,3,p95_p99,"(46, 187]",0.03946224720403314,3405,-3.367987836854226,0.2220988244271636,-3.5900866612813895,0.9262848751835536,19.21665640283436,31.18585140171905,18.484663491382122
thp,Adapted THP,62,4,gt_p99,> 187,0.013223619400822855,1141,-3.509576621516272,0.08051460822257026,-3.5900912297388423,0.9807186678352322,34.084532501193955,39.57799378617409,32.88852157392176
titantpp,TitanTPP,42,0,le_p50,<= 2,0.5219447180854146,45036,-3.527341462558248,0.07210803078278061,-3.5994494933410333,0.9697131183941735,0.06923006264404692,0.1642834134719572,0.03793138179053569
titantpp,TitanTPP,42,1,p50_p90,"(2, 31]",0.34280581792895637,29579,-3.48705235470555,0.11231771360432824,-3.5993700683098777,0.9553061293485243,0.8296457656220807,1.3173979498955137,-0.05084186782902687
titantpp,TitanTPP,42,2,p90_p95,"(31, 46]",0.08256359738077301,7124,-3.401771475576476,0.1972208834861066,-3.5989923590625823,0.9187254351487928,1.4350797930572357,2.2383701816291124,-1.019740704938577
titantpp,TitanTPP,42,3,p95_p99,"(46, 187]",0.03946224720403314,3405,-3.4775573152334647,0.12176827457810946,-3.599325589811574,0.9559471365638766,3.569017811353686,5.147969691706906,0.4467622950213596
titantpp,TitanTPP,42,4,gt_p99,> 187,0.013223619400822855,1141,-3.56361613147919,0.035575882499559536,-3.599192013978749,0.9833479404031551,6.500477074532003,9.290710755919504,4.709121155801517
titantpp,TitanTPP,52,0,le_p50,<= 2,0.5219447180854146,45036,-3.5112472558741272,0.07918561813920723,-3.5904328740133318,0.9666266986410871,0.06293498955714003,0.16125835516710346,0.01623373428556993
titantpp,TitanTPP,52,1,p50_p90,"(2, 31]",0.34280581792895637,29579,-3.4846771566702013,0.10592265383583589,-3.5905998105060384,0.9575374421041956,0.8624073003206434,1.37704064202666,0.38529285340277064
titantpp,TitanTPP,52,2,p90_p95,"(31, 46]",0.08256359738077301,7124,-3.340429962671179,0.24883526752478963,-3.589265230195968,0.9028635597978664,1.2515776257780011,2.0945319883624505,-0.3728920038599167
titantpp,TitanTPP,52,3,p95_p99,"(46, 187]",0.03946224720403314,3405,-3.4630220321075784,0.127192288423922,-3.5902143205315005,0.9541850220264317,3.3701881179025346,4.735545711683391,2.0422959376711853
titantpp,TitanTPP,52,4,gt_p99,> 187,0.013223619400822855,1141,-3.556378881651152,0.033942580405027074,-3.5903214620561794,0.9894829097283085,5.067116512529271,6.8287831313455865,0.8244629574908592
titantpp,TitanTPP,62,0,le_p50,<= 2,0.5219447180854146,45036,-3.522238306860057,0.07727620444404977,-3.5995145113041054,0.9677591260325074,0.05330872031985702,0.15396541166233713,0.012813277003269381
titantpp,TitanTPP,62,1,p50_p90,"(2, 31]",0.34280581792895637,29579,-3.496651490013892,0.10276866497833102,-3.5994201549922216,0.9607829879306264,0.823380671822157,1.3285521363489667,0.012627600281478513
titantpp,TitanTPP,62,2,p90_p95,"(31, 46]",0.08256359738077301,7124,-3.3664032980522403,0.23304412922028866,-3.599447427272529,0.8832116788321168,1.322612230192738,2.13369079534601,-0.798789210161555
titantpp,TitanTPP,62,3,p95_p99,"(46, 187]",0.03946224720403314,3405,-3.474894879294895,0.12453767741480908,-3.599432556709704,0.9559471365638766,2.9474128773559034,4.088289332562907,-1.539869189717521
titantpp,TitanTPP,62,4,gt_p99,> 187,0.013223619400822855,1141,-3.559391179629371,0.040133593133358916,-3.59952477276273,0.985977212971078,6.286636726987874,8.684378285983733,2.9236676870575087
