scale_order,scale_label,count,share,true_qty_mean,pred_qty_mean,qty_mae,qty_median_ae,qty_rmse,qty_wape,log_abs_error,dt_mae,mark_acc,dataset_name,dataset_kind,model_name,candidate_name,titan_candidate_name,seed,reproducibility_mode,source_revision,train_loader_seed,value_head_mode,time_head_mode,evaluation_scope,qty_mark_gradient_mode,value_encoder_gradient_mode,marker_loss_mode,lambda_ordinal,qty_decoder_mode,magnitude_norm_mode,lambda_magnitude,magnitude_domain,magnitude_encoder_gradient_mode,magnitude_aux_loss_mode,lambda_log_qty,log_qty_huber_delta,log_qty_floor,magnitude_sigma_floor,magnitude_revin_eps,magnitude_shrinkage_k,magnitude_center_mode,magnitude_revin_affine,magnitude_stat_context_mode,selection,eval_split,model_scale_base
0,1-1,42610,0.4938285912962856,1.0,1.0071637466630308,0.023140385204904714,0.008445411920547485,0.1149384350177159,0.023140385204904714,0.027730762931566122,0.7245247594461394,0.9874207932410233,intermittent,marked_target,rmtpp,rmtpp_gru_h64,rmtpp_gru_h64,42,strict,308cec0b9c383d4eab5aac8b9015dae663b0ad73,42,shared,shared,validation_only,coupled,coupled,ce,0.0,mark_residual,global,1.0,mark_residual,coupled,none,0.25,1.0,1.0,0.0014535461338152059,0.00001,8.0,mean,false,none,best_val_nll,validation,2.0
1,2-3,2939,0.034061540244538446,2.1745491663831236,2.0822966361216193,0.3221609605011708,0.05740475654602051,0.5511652758853333,0.14815069048864668,0.24833182996128156,0.8077577407281388,0.7941476692752637,intermittent,marked_target,rmtpp,rmtpp_gru_h64,rmtpp_gru_h64,42,strict,308cec0b9c383d4eab5aac8b9015dae663b0ad73,42,shared,shared,validation_only,coupled,coupled,ce,0.0,mark_residual,global,1.0,mark_residual,coupled,none,0.25,1.0,1.0,0.0014535461338152059,0.00001,8.0,mean,false,none,best_val_nll,validation,2.0
2,4-7,3201,0.03709798922176508,5.524211172832619,5.603830256934317,0.5067338434020939,0.3427243232727051,0.7916738776296041,0.09172962936213368,0.12550900836022189,3.7925648234926586,0.9456419868791003,intermittent,marked_target,rmtpp,rmtpp_gru_h64,rmtpp_gru_h64,42,strict,308cec0b9c383d4eab5aac8b9015dae663b0ad73,42,shared,shared,validation_only,coupled,coupled,ce,0.0,mark_residual,global,1.0,mark_residual,coupled,none,0.25,1.0,1.0,0.0014535461338152059,0.00001,8.0,mean,false,none,best_val_nll,validation,2.0
3,8-15,6036,0.06995422147534335,11.435719009738161,11.649072910792944,0.6802685658137003,0.38996362686157227,1.1461062888174578,0.059486295984923485,0.08419835579324195,3.8278661365142477,0.9640490390987408,intermittent,marked_target,rmtpp,rmtpp_gru_h64,rmtpp_gru_h64,42,strict,308cec0b9c383d4eab5aac8b9015dae663b0ad73,42,shared,shared,validation_only,coupled,coupled,ce,0.0,mark_residual,global,1.0,mark_residual,coupled,none,0.25,1.0,1.0,0.0014535461338152059,0.00001,8.0,mean,false,none,best_val_nll,validation,2.0
4,16-31,19829,0.22980819377643855,25.497855832136803,25.655032306992226,1.269643125342159,0.5861663818359375,2.57203274466419,0.0497941134227426,0.06882298147211253,2.977406828382672,0.9643451510414041,intermittent,marked_target,rmtpp,rmtpp_gru_h64,rmtpp_gru_h64,42,strict,308cec0b9c383d4eab5aac8b9015dae663b0ad73,42,shared,shared,validation_only,coupled,coupled,ce,0.0,mark_residual,global,1.0,mark_residual,coupled,none,0.25,1.0,1.0,0.0014535461338152059,0.00001,8.0,mean,false,none,best_val_nll,validation,2.0
5,32-63,8213,0.09518456278611578,38.756361861155206,39.03363702695785,2.1731369497423905,1.0848922729492188,3.8058553446563987,0.056071747846912476,0.09055527383192846,1.8099354681602338,0.9167173992450992,intermittent,marked_target,rmtpp,rmtpp_gru_h64,rmtpp_gru_h64,42,strict,308cec0b9c383d4eab5aac8b9015dae663b0ad73,42,shared,shared,validation_only,coupled,coupled,ce,0.0,mark_residual,global,1.0,mark_residual,coupled,none,0.25,1.0,1.0,0.0014535461338152059,0.00001,8.0,mean,false,none,best_val_nll,validation,2.0
6,64-127,1499,0.017372660369705046,89.76050665857316,88.74490592096392,2.858105693203835,2.0528335571289062,4.017320739481182,0.03184146123501023,0.04400488406201058,2.81187458305537,0.9579719813208806,intermittent,marked_target,rmtpp,rmtpp_gru_h64,rmtpp_gru_h64,42,strict,308cec0b9c383d4eab5aac8b9015dae663b0ad73,42,shared,shared,validation_only,coupled,coupled,ce,0.0,mark_residual,global,1.0,mark_residual,coupled,none,0.25,1.0,1.0,0.0014535461338152059,0.00001,8.0,mean,false,none,best_val_nll,validation,2.0
7,>=128,1958,0.022692240829808193,223.00970348323085,224.03339667705032,4.279320982795692,3.0006637573242188,5.973129903983834,0.019188945216087758,0.027141599781788407,3.0,0.9887640449438202,intermittent,marked_target,rmtpp,rmtpp_gru_h64,rmtpp_gru_h64,42,strict,308cec0b9c383d4eab5aac8b9015dae663b0ad73,42,shared,shared,validation_only,coupled,coupled,ce,0.0,mark_residual,global,1.0,mark_residual,coupled,none,0.25,1.0,1.0,0.0014535461338152059,0.00001,8.0,mean,false,none,best_val_nll,validation,2.0
0,1-1,42610,0.4938285912962856,1.0,1.0058759527373162,0.020559429593613326,0.006663620471954346,0.10993593052095409,0.020559429593613326,0.024364671676244384,0.7245247594461394,0.9869983571931471,intermittent,marked_target,thp,small,small,42,strict,308cec0b9c383d4eab5aac8b9015dae663b0ad73,42,shared,shared,validation_only,coupled,coupled,ce,0.0,mark_residual,global,1.0,mark_residual,coupled,none,0.25,1.0,1.0,0.0014535461338152059,0.00001,8.0,mean,false,none,best_val_nll,validation,2.0
1,2-3,2939,0.034061540244538446,2.1745491663831236,2.045030183616079,0.43299211008526833,0.07977330684661865,0.6841374495085635,0.1991181053889225,0.3253700386589585,0.8077577407281388,0.720653283429738,intermittent,marked_target,thp,small,small,42,strict,308cec0b9c383d4eab5aac8b9015dae663b0ad73,42,shared,shared,validation_only,coupled,coupled,ce,0.0,mark_residual,global,1.0,mark_residual,coupled,none,0.25,1.0,1.0,0.0014535461338152059,0.00001,8.0,mean,false,none,best_val_nll,validation,2.0
2,4-7,3201,0.03709798922176508,5.524211172832619,5.504371066348175,0.5834460862537206,0.41939258575439453,0.8374465401516024,0.10561618084461283,0.14803854907463954,3.7925648234926586,0.9453295845048423,intermittent,marked_target,thp,small,small,42,strict,308cec0b9c383d4eab5aac8b9015dae663b0ad73,42,shared,shared,validation_only,coupled,coupled,ce,0.0,mark_residual,global,1.0,mark_residual,coupled,none,0.25,1.0,1.0,0.0014535461338152059,0.00001,8.0,mean,false,none,best_val_nll,validation,2.0
3,8-15,6036,0.06995422147534335,11.435719009738161,11.192566008817446,0.7818789306739216,0.570218563079834,1.1316949146452577,0.0683716458937219,0.10220814493810049,3.8278661365142477,0.9464877402253148,intermittent,marked_target,thp,small,small,42,strict,308cec0b9c383d4eab5aac8b9015dae663b0ad73,42,shared,shared,validation_only,coupled,coupled,ce,0.0,mark_residual,global,1.0,mark_residual,coupled,none,0.25,1.0,1.0,0.0014535461338152059,0.00001,8.0,mean,false,none,best_val_nll,validation,2.0
4,16-31,19829,0.22980819377643855,25.497855832136803,25.750387047247205,1.3834044403433228,0.7183456420898438,2.805386687031028,0.054255716615971984,0.07403811301542511,2.977406828382672,0.9568309042311766,intermittent,marked_target,thp,small,small,42,strict,308cec0b9c383d4eab5aac8b9015dae663b0ad73,42,shared,shared,validation_only,coupled,coupled,ce,0.0,mark_residual,global,1.0,mark_residual,coupled,none,0.25,1.0,1.0,0.0014535461338152059,0.00001,8.0,mean,false,none,best_val_nll,validation,2.0
5,32-63,8213,0.09518456278611578,38.756361861155206,39.50208409131843,2.3713734630369667,1.3194389343261719,3.8778240997613835,0.061186689079135444,0.09611916672685587,1.8099354681602338,0.9068549859978083,intermittent,marked_target,thp,small,small,42,strict,308cec0b9c383d4eab5aac8b9015dae663b0ad73,42,shared,shared,validation_only,coupled,coupled,ce,0.0,mark_residual,global,1.0,mark_residual,coupled,none,0.25,1.0,1.0,0.0014535461338152059,0.00001,8.0,mean,false,none,best_val_nll,validation,2.0
6,64-127,1499,0.017372660369705046,89.76050665857316,91.01873697353412,2.5809739884573113,1.9124755859375,3.751968025406352,0.02875400423345091,0.04029009451939314,2.81187458305537,0.9579719813208806,intermittent,marked_target,thp,small,small,42,strict,308cec0b9c383d4eab5aac8b9015dae663b0ad73,42,shared,shared,validation_only,coupled,coupled,ce,0.0,mark_residual,global,1.0,mark_residual,coupled,none,0.25,1.0,1.0,0.0014535461338152059,0.00001,8.0,mean,false,none,best_val_nll,validation,2.0
7,>=128,1958,0.022692240829808193,223.00970348323085,224.13942765653803,4.524434223116601,3.382843017578125,6.141133409536797,0.020288059902545067,0.029396687635240566,3.0,0.9887640449438202,intermittent,marked_target,thp,small,small,42,strict,308cec0b9c383d4eab5aac8b9015dae663b0ad73,42,shared,shared,validation_only,coupled,coupled,ce,0.0,mark_residual,global,1.0,mark_residual,coupled,none,0.25,1.0,1.0,0.0014535461338152059,0.00001,8.0,mean,false,none,best_val_nll,validation,2.0
0,1-1,42610,0.4938285912962856,1.0,1.0125545182633193,0.02086628405204599,0.005697667598724365,0.11594093391248202,0.02086628405204599,0.024283744201318305,0.7245247594461394,0.9873503872330439,intermittent,marked_target,rmtpp,rmtpp_gru_h64,rmtpp_gru_h64,52,strict,308cec0b9c383d4eab5aac8b9015dae663b0ad73,52,shared,shared,validation_only,coupled,coupled,ce,0.0,mark_residual,global,1.0,mark_residual,coupled,none,0.25,1.0,1.0,0.0014535461338152059,0.00001,8.0,mean,false,none,best_val_nll,validation,2.0
1,2-3,2939,0.034061540244538446,2.1745491663831236,2.07609625226099,0.3363596701467877,0.08233952522277832,0.5702895748279442,0.15468018628718652,0.2565696041330102,0.8077577407281388,0.7961891799931949,intermittent,marked_target,rmtpp,rmtpp_gru_h64,rmtpp_gru_h64,52,strict,308cec0b9c383d4eab5aac8b9015dae663b0ad73,52,shared,shared,validation_only,coupled,coupled,ce,0.0,mark_residual,global,1.0,mark_residual,coupled,none,0.25,1.0,1.0,0.0014535461338152059,0.00001,8.0,mean,false,none,best_val_nll,validation,2.0
2,4-7,3201,0.03709798922176508,5.524211172832619,5.529085092192998,0.5258483871077418,0.357363224029541,0.7798001680285853,0.0951897693002394,0.1346351978220965,3.7925648234926586,0.9540768509840675,intermittent,marked_target,rmtpp,rmtpp_gru_h64,rmtpp_gru_h64,52,strict,308cec0b9c383d4eab5aac8b9015dae663b0ad73,52,shared,shared,validation_only,coupled,coupled,ce,0.0,mark_residual,global,1.0,mark_residual,coupled,none,0.25,1.0,1.0,0.0014535461338152059,0.00001,8.0,mean,false,none,best_val_nll,validation,2.0
3,8-15,6036,0.06995422147534335,11.435719009738161,11.80613088189094,0.7888677566552336,0.4426751136779785,1.3650015113389398,0.0689827859519343,0.09613158830828505,3.8278661365142477,0.9464877402253148,intermittent,marked_target,rmtpp,rmtpp_gru_h64,rmtpp_gru_h64,52,strict,308cec0b9c383d4eab5aac8b9015dae663b0ad73,52,shared,shared,validation_only,coupled,coupled,ce,0.0,mark_residual,global,1.0,mark_residual,coupled,none,0.25,1.0,1.0,0.0014535461338152059,0.00001,8.0,mean,false,none,best_val_nll,validation,2.0
4,16-31,19829,0.22980819377643855,25.497855832136803,25.68089156276105,1.1956496640060665,0.5896015167236328,2.3979603414174866,0.04689216504625076,0.0652382689072064,2.977406828382672,0.9698421503857986,intermittent,marked_target,rmtpp,rmtpp_gru_h64,rmtpp_gru_h64,52,strict,308cec0b9c383d4eab5aac8b9015dae663b0ad73,52,shared,shared,validation_only,coupled,coupled,ce,0.0,mark_residual,global,1.0,mark_residual,coupled,none,0.25,1.0,1.0,0.0014535461338152059,0.00001,8.0,mean,false,none,best_val_nll,validation,2.0
5,32-63,8213,0.09518456278611578,38.756361861155206,38.11269854976738,1.9349251966245367,0.7696609497070312,3.774225068701952,0.04992535686286583,0.08462476027834855,1.8099354681602338,0.9030804821624254,intermittent,marked_target,rmtpp,rmtpp_gru_h64,rmtpp_gru_h64,52,strict,308cec0b9c383d4eab5aac8b9015dae663b0ad73,52,shared,shared,validation_only,coupled,coupled,ce,0.0,mark_residual,global,1.0,mark_residual,coupled,none,0.25,1.0,1.0,0.0014535461338152059,0.00001,8.0,mean,false,none,best_val_nll,validation,2.0
6,64-127,1499,0.017372660369705046,89.76050665857316,89.30061571911385,2.374243005265229,1.4691314697265625,3.6632554833823234,0.026450864568938585,0.03596361515281835,2.81187458305537,0.9579719813208806,intermittent,marked_target,rmtpp,rmtpp_gru_h64,rmtpp_gru_h64,52,strict,308cec0b9c383d4eab5aac8b9015dae663b0ad73,52,shared,shared,validation_only,coupled,coupled,ce,0.0,mark_residual,global,1.0,mark_residual,coupled,none,0.25,1.0,1.0,0.0014535461338152059,0.00001,8.0,mean,false,none,best_val_nll,validation,2.0
7,>=128,1958,0.022692240829808193,223.00970348323085,225.30579739376765,3.676326065920712,2.488067626953125,5.2691626380136745,0.01648504979155381,0.023653779258766994,3.0,0.9887640449438202,intermittent,marked_target,rmtpp,rmtpp_gru_h64,rmtpp_gru_h64,52,strict,308cec0b9c383d4eab5aac8b9015dae663b0ad73,52,shared,shared,validation_only,coupled,coupled,ce,0.0,mark_residual,global,1.0,mark_residual,coupled,none,0.25,1.0,1.0,0.0014535461338152059,0.00001,8.0,mean,false,none,best_val_nll,validation,2.0
0,1-1,42610,0.4938285912962856,1.0,0.9961222622658104,0.0275822846479915,0.01569831371307373,0.10876657491296286,0.0275822846479915,0.034829719644804864,0.7245247594461394,0.9878197606195729,intermittent,marked_target,thp,small,small,52,strict,308cec0b9c383d4eab5aac8b9015dae663b0ad73,52,shared,shared,validation_only,coupled,coupled,ce,0.0,mark_residual,global,1.0,mark_residual,coupled,none,0.25,1.0,1.0,0.0014535461338152059,0.00001,8.0,mean,false,none,best_val_nll,validation,2.0
1,2-3,2939,0.034061540244538446,2.1745491663831236,2.0201154662947056,0.4265467276902538,0.05032157897949219,0.6815407362228557,0.19615409680514095,0.3266411707408577,0.8077577407281388,0.7141884994896224,intermittent,marked_target,thp,small,small,52,strict,308cec0b9c383d4eab5aac8b9015dae663b0ad73,52,shared,shared,validation_only,coupled,coupled,ce,0.0,mark_residual,global,1.0,mark_residual,coupled,none,0.25,1.0,1.0,0.0014535461338152059,0.00001,8.0,mean,false,none,best_val_nll,validation,2.0
2,4-7,3201,0.03709798922176508,5.524211172832619,5.642014390712453,0.5880304863586235,0.41794919967651367,0.8449320940713406,0.10644605500428442,0.14822258915017822,3.7925648234926586,0.9328334895345205,intermittent,marked_target,thp,small,small,52,strict,308cec0b9c383d4eab5aac8b9015dae663b0ad73,52,shared,shared,validation_only,coupled,coupled,ce,0.0,mark_residual,global,1.0,mark_residual,coupled,none,0.25,1.0,1.0,0.0014535461338152059,0.00001,8.0,mean,false,none,best_val_nll,validation,2.0
3,8-15,6036,0.06995422147534335,11.435719009738161,11.614800215083452,0.7777439979941265,0.5300703048706055,1.1935474651189382,0.06801006542149501,0.0967980114492539,3.8278661365142477,0.9615639496355202,intermittent,marked_target,thp,small,small,52,strict,308cec0b9c383d4eab5aac8b9015dae663b0ad73,52,shared,shared,validation_only,coupled,coupled,ce,0.0,mark_residual,global,1.0,mark_residual,coupled,none,0.25,1.0,1.0,0.0014535461338152059,0.00001,8.0,mean,false,none,best_val_nll,validation,2.0
4,16-31,19829,0.22980819377643855,25.497855832136803,25.53136930259371,1.4874740516227434,0.7669277191162109,2.819605909604924,0.05833722103597322,0.08056308987630141,2.977406828382672,0.9545110696454687,intermittent,marked_target,thp,small,small,52,strict,308cec0b9c383d4eab5aac8b9015dae663b0ad73,52,shared,shared,validation_only,coupled,coupled,ce,0.0,mark_residual,global,1.0,mark_residual,coupled,none,0.25,1.0,1.0,0.0014535461338152059,0.00001,8.0,mean,false,none,best_val_nll,validation,2.0
5,32-63,8213,0.09518456278611578,38.756361861155206,38.5332452640977,2.1249719341300835,0.9725761413574219,3.9336712331319528,0.05482898373543942,0.0899537994062423,1.8099354681602338,0.9044198222330452,intermittent,marked_target,thp,small,small,52,strict,308cec0b9c383d4eab5aac8b9015dae663b0ad73,52,shared,shared,validation_only,coupled,coupled,ce,0.0,mark_residual,global,1.0,mark_residual,coupled,none,0.25,1.0,1.0,0.0014535461338152059,0.00001,8.0,mean,false,none,best_val_nll,validation,2.0
6,64-127,1499,0.017372660369705046,89.76050665857316,91.01227280996576,2.4963620181398603,1.9995803833007812,3.3866429366512008,0.02781136282614141,0.038896094329202865,2.81187458305537,0.9579719813208806,intermittent,marked_target,thp,small,small,52,strict,308cec0b9c383d4eab5aac8b9015dae663b0ad73,52,shared,shared,validation_only,coupled,coupled,ce,0.0,mark_residual,global,1.0,mark_residual,coupled,none,0.25,1.0,1.0,0.0014535461338152059,0.00001,8.0,mean,false,none,best_val_nll,validation,2.0
7,>=128,1958,0.022692240829808193,223.00970348323085,224.08262867679147,5.129734662750525,3.8661880493164062,6.9560501631442495,0.023002293544308727,0.03334739868195235,3.0,0.9887640449438202,intermittent,marked_target,thp,small,small,52,strict,308cec0b9c383d4eab5aac8b9015dae663b0ad73,52,shared,shared,validation_only,coupled,coupled,ce,0.0,mark_residual,global,1.0,mark_residual,coupled,none,0.25,1.0,1.0,0.0014535461338152059,0.00001,8.0,mean,false,none,best_val_nll,validation,2.0
0,1-1,42610,0.4938285912962856,1.0,1.0038227009202527,0.021598735898628225,0.00904691219329834,0.10739975275652246,0.021598735898628225,0.02622469287353435,0.7245247594461394,0.9885472893686928,intermittent,marked_target,rmtpp,rmtpp_gru_h64,rmtpp_gru_h64,62,strict,308cec0b9c383d4eab5aac8b9015dae663b0ad73,62,shared,shared,validation_only,coupled,coupled,ce,0.0,mark_residual,global,1.0,mark_residual,coupled,none,0.25,1.0,1.0,0.0014535461338152059,0.00001,8.0,mean,false,none,best_val_nll,validation,2.0
1,2-3,2939,0.034061540244538446,2.1745491663831236,2.029505028636247,0.34381391804167183,0.06529045104980469,0.5723445608978969,0.15810813724369793,0.2658304202795921,0.8077577407281388,0.7846206192582511,intermittent,marked_target,rmtpp,rmtpp_gru_h64,rmtpp_gru_h64,62,strict,308cec0b9c383d4eab5aac8b9015dae663b0ad73,62,shared,shared,validation_only,coupled,coupled,ce,0.0,mark_residual,global,1.0,mark_residual,coupled,none,0.25,1.0,1.0,0.0014535461338152059,0.00001,8.0,mean,false,none,best_val_nll,validation,2.0
2,4-7,3201,0.03709798922176508,5.524211172832619,5.601059620620981,0.5511787623697726,0.3430442810058594,0.8672708498567625,0.09977510727330645,0.13850233819997895,3.7925648234926586,0.9340830990315526,intermittent,marked_target,rmtpp,rmtpp_gru_h64,rmtpp_gru_h64,62,strict,308cec0b9c383d4eab5aac8b9015dae663b0ad73,62,shared,shared,validation_only,coupled,coupled,ce,0.0,mark_residual,global,1.0,mark_residual,coupled,none,0.25,1.0,1.0,0.0014535461338152059,0.00001,8.0,mean,false,none,best_val_nll,validation,2.0
3,8-15,6036,0.06995422147534335,11.435719009738161,11.409872830980579,0.6762154576318639,0.37451791763305664,1.1714286018056705,0.059131870681329975,0.08375299810336236,3.8278661365142477,0.9729953611663353,intermittent,marked_target,rmtpp,rmtpp_gru_h64,rmtpp_gru_h64,62,strict,308cec0b9c383d4eab5aac8b9015dae663b0ad73,62,shared,shared,validation_only,coupled,coupled,ce,0.0,mark_residual,global,1.0,mark_residual,coupled,none,0.25,1.0,1.0,0.0014535461338152059,0.00001,8.0,mean,false,none,best_val_nll,validation,2.0
4,16-31,19829,0.22980819377643855,25.497855832136803,25.53309183117361,1.3360308988100702,0.6468296051025391,2.5305996106219473,0.05239777444839786,0.07374235984807632,2.977406828382672,0.9647486005345706,intermittent,marked_target,rmtpp,rmtpp_gru_h64,rmtpp_gru_h64,62,strict,308cec0b9c383d4eab5aac8b9015dae663b0ad73,62,shared,shared,validation_only,coupled,coupled,ce,0.0,mark_residual,global,1.0,mark_residual,coupled,none,0.25,1.0,1.0,0.0014535461338152059,0.00001,8.0,mean,false,none,best_val_nll,validation,2.0
5,32-63,8213,0.09518456278611578,38.756361861155206,38.3556276667674,1.945206576776638,0.7669639587402344,3.74852873246083,0.05019063924899213,0.08303323448698573,1.8099354681602338,0.9145257518568124,intermittent,marked_target,rmtpp,rmtpp_gru_h64,rmtpp_gru_h64,62,strict,308cec0b9c383d4eab5aac8b9015dae663b0ad73,62,shared,shared,validation_only,coupled,coupled,ce,0.0,mark_residual,global,1.0,mark_residual,coupled,none,0.25,1.0,1.0,0.0014535461338152059,0.00001,8.0,mean,false,none,best_val_nll,validation,2.0
6,64-127,1499,0.017372660369705046,89.76050665857316,91.01567640552686,2.3248153467668224,1.636322021484375,3.4247761916695847,0.02590020303260817,0.03763540559327149,2.81187458305537,0.9579719813208806,intermittent,marked_target,rmtpp,rmtpp_gru_h64,rmtpp_gru_h64,62,strict,308cec0b9c383d4eab5aac8b9015dae663b0ad73,62,shared,shared,validation_only,coupled,coupled,ce,0.0,mark_residual,global,1.0,mark_residual,coupled,none,0.25,1.0,1.0,0.0014535461338152059,0.00001,8.0,mean,false,none,best_val_nll,validation,2.0
7,>=128,1958,0.022692240829808193,223.00970348323085,225.64085605219995,3.9784726073719994,2.8697052001953125,5.513946668535123,0.017839908063333035,0.026185997172931363,3.0,0.9887640449438202,intermittent,marked_target,rmtpp,rmtpp_gru_h64,rmtpp_gru_h64,62,strict,308cec0b9c383d4eab5aac8b9015dae663b0ad73,62,shared,shared,validation_only,coupled,coupled,ce,0.0,mark_residual,global,1.0,mark_residual,coupled,none,0.25,1.0,1.0,0.0014535461338152059,0.00001,8.0,mean,false,none,best_val_nll,validation,2.0
0,1-1,42610,0.4938285912962856,1.0,1.0008728331787657,0.03887834138809809,0.0199887752532959,0.14098022214957587,0.03887834138809809,0.04772569340485638,0.7245247594461394,0.9795822576859892,intermittent,marked_target,thp,small,small,62,strict,308cec0b9c383d4eab5aac8b9015dae663b0ad73,62,shared,shared,validation_only,coupled,coupled,ce,0.0,mark_residual,global,1.0,mark_residual,coupled,none,0.25,1.0,1.0,0.0014535461338152059,0.00001,8.0,mean,false,none,best_val_nll,validation,2.0
1,2-3,2939,0.034061540244538446,2.1745491663831236,2.1044101990092647,0.32115473176152093,0.04570138454437256,0.5822502754556788,0.14768796067080425,0.23125410743131244,0.8077577407281388,0.8257910854031983,intermittent,marked_target,thp,small,small,62,strict,308cec0b9c383d4eab5aac8b9015dae663b0ad73,62,shared,shared,validation_only,coupled,coupled,ce,0.0,mark_residual,global,1.0,mark_residual,coupled,none,0.25,1.0,1.0,0.0014535461338152059,0.00001,8.0,mean,false,none,best_val_nll,validation,2.0
2,4-7,3201,0.03709798922176508,5.524211172832619,5.572994682424629,0.6235900439906217,0.4075331687927246,0.9388744144166358,0.11288309307532625,0.16256816537631225,3.7925648234926586,0.9050296782255545,intermittent,marked_target,thp,small,small,62,strict,308cec0b9c383d4eab5aac8b9015dae663b0ad73,62,shared,shared,validation_only,coupled,coupled,ce,0.0,mark_residual,global,1.0,mark_residual,coupled,none,0.25,1.0,1.0,0.0014535461338152059,0.00001,8.0,mean,false,none,best_val_nll,validation,2.0
3,8-15,6036,0.06995422147534335,11.435719009738161,11.453220029711487,0.7505410804584217,0.5141901969909668,1.1130510880219056,0.0656312978501215,0.09484463120391623,3.8278661365142477,0.9691848906560636,intermittent,marked_target,thp,small,small,62,strict,308cec0b9c383d4eab5aac8b9015dae663b0ad73,62,shared,shared,validation_only,coupled,coupled,ce,0.0,mark_residual,global,1.0,mark_residual,coupled,none,0.25,1.0,1.0,0.0014535461338152059,0.00001,8.0,mean,false,none,best_val_nll,validation,2.0
4,16-31,19829,0.22980819377643855,25.497855832136803,25.607346503274922,1.5566059371107157,0.7857475280761719,3.0131683714737276,0.06104850334704662,0.08369339551872274,2.977406828382672,0.9544606384588229,intermittent,marked_target,thp,small,small,62,strict,308cec0b9c383d4eab5aac8b9015dae663b0ad73,62,shared,shared,validation_only,coupled,coupled,ce,0.0,mark_residual,global,1.0,mark_residual,coupled,none,0.25,1.0,1.0,0.0014535461338152059,0.00001,8.0,mean,false,none,best_val_nll,validation,2.0
5,32-63,8213,0.09518456278611578,38.756361861155206,39.02375513450913,2.4911938600761947,1.1535530090332031,4.16121399463874,0.06427832078255706,0.10516582068899989,1.8099354681602338,0.9025934494094728,intermittent,marked_target,thp,small,small,62,strict,308cec0b9c383d4eab5aac8b9015dae663b0ad73,62,shared,shared,validation_only,coupled,coupled,ce,0.0,mark_residual,global,1.0,mark_residual,coupled,none,0.25,1.0,1.0,0.0014535461338152059,0.00001,8.0,mean,false,none,best_val_nll,validation,2.0
6,64-127,1499,0.017372660369705046,89.76050665857316,89.68071103493638,2.2138177491252304,1.6790237426757812,3.2367298546082246,0.024663605760894904,0.035292606659139136,2.81187458305537,0.9579719813208806,intermittent,marked_target,thp,small,small,62,strict,308cec0b9c383d4eab5aac8b9015dae663b0ad73,62,shared,shared,validation_only,coupled,coupled,ce,0.0,mark_residual,global,1.0,mark_residual,coupled,none,0.25,1.0,1.0,0.0014535461338152059,0.00001,8.0,mean,false,none,best_val_nll,validation,2.0
7,>=128,1958,0.022692240829808193,223.00970348323085,219.6135819369853,5.652592504109742,5.0758819580078125,6.895364541673405,0.02534684552205948,0.037967223799630495,3.0,0.9887640449438202,intermittent,marked_target,thp,small,small,62,strict,308cec0b9c383d4eab5aac8b9015dae663b0ad73,62,shared,shared,validation_only,coupled,coupled,ce,0.0,mark_residual,global,1.0,mark_residual,coupled,none,0.25,1.0,1.0,0.0014535461338152059,0.00001,8.0,mean,false,none,best_val_nll,validation,2.0
