alternative,alternative_label,stratum_order,stratum,stratum_label,metric,proposal_mean,alternative_mean,delta_mean,delta_std,relative_delta_pct,proposal_better_seeds,seed_42_delta,seed_52_delta,seed_62_delta
uniform_categorical,Uniform-bin categorical,-1,all,All validation,qty_mae,65.85800862026116,109.20438235768424,-43.34637373742308,1.9622873880596294,-39.69288851014044,3,-41.18345154572438,-43.843114825208005,-45.01255484133685
uniform_categorical,Uniform-bin categorical,-1,all,All validation,qty_rmse,185.16137891814137,288.34700649787914,-103.1856275797378,6.3591352454215215,-35.78522587523264,3,-95.887952901783,-106.12979528646531,-107.53913455096509
uniform_categorical,Uniform-bin categorical,0,le_p50,<= 7,qty_mae,1.6240285983143543,3.731209899175069,-2.1071813008607148,0.22503437573625254,-56.474477657410546,3,-2.251542565680009,-2.222111168364447,-1.8478901685376872
uniform_categorical,Uniform-bin categorical,0,le_p50,<= 7,qty_rmse,5.508009053597091,4.033970098687344,1.4740389549097466,3.8521415238136867,36.54065148845302,2,-0.8439464228227962,-0.6547034673534085,5.920766754905444
uniform_categorical,Uniform-bin categorical,1,p50_p90,"(7, 686]",qty_mae,54.161679019600264,106.23358827278521,-52.07190925318495,1.0587721960268528,-49.016427007506685,3,-51.54559740938907,-51.379426412061186,-53.2907039381046
uniform_categorical,Uniform-bin categorical,1,p50_p90,"(7, 686]",qty_rmse,121.62620731656128,216.3599656323292,-94.73375831576791,4.211688598897698,-43.785252987492846,3,-89.89309093889608,-96.74878303076335,-97.55940097764433
uniform_categorical,Uniform-bin categorical,2,p90_p95,"(686, 1562]",qty_mae,566.8557995020417,986.9818652849741,-420.12606578293247,32.940723340339105,-42.566746214899126,3,-400.96959472814376,-458.1624015057025,-401.2462011149511
uniform_categorical,Uniform-bin categorical,2,p90_p95,"(686, 1562]",qty_rmse,618.6888602141986,1012.01315355507,-393.3242933408713,28.248456232566216,-38.86553173337466,3,-383.3780804081706,-425.200557907085,-371.39424170735833
uniform_categorical,Uniform-bin categorical,3,p95_p99,"(1562, 3449]",qty_mae,388.32606656738824,471.0016611295681,-82.67559456217988,27.059425939350326,-17.553142883595182,3,-59.26139147178674,-76.464999480897,-112.30039273385592
uniform_categorical,Uniform-bin categorical,3,p95_p99,"(1562, 3449]",qty_rmse,481.63581727553475,635.3382896451554,-153.70247236962072,33.82562908553762,-24.192225602437013,3,-124.77272801052504,-145.44124498236215,-190.89344411597494
uniform_categorical,Uniform-bin categorical,4,gt_p99,> 3449,qty_mae,402.2141906480749,386.21940928270044,15.994781365374479,107.66987774755279,4.1413717127993435,1,46.62001829509495,105.03432493571995,-103.66999913469147
uniform_categorical,Uniform-bin categorical,4,gt_p99,> 3449,qty_rmse,479.0814501893316,545.2151538231805,-66.13370363384884,129.83712156388933,-12.12983593176076,2,-2.0971569165741357,19.245504451499187,-215.54945843647158
uniform_categorical,Uniform-bin categorical,10,p90_plus,Above train p90,qty_mae,479.7224617568797,722.2687119234116,-242.54625016653196,19.375148106558235,-33.58116531458602,3,-220.53389158323597,-250.09000020238813,-257.0148587139718
uniform_categorical,Uniform-bin categorical,10,p90_plus,Above train p90,qty_rmse,556.0296196832634,839.9463086739913,-283.9166889907279,18.651490600324188,-33.80176638182294,3,-262.5096103517976,-292.57551812926954,-296.6649384911166
uniform_categorical,Uniform-bin categorical,11,p95_plus,Above train p95,qty_mae,391.2133344683731,453.37587719298244,-62.162542724609374,41.87338358747627,-13.71103886459082,3,-37.24920365182976,-38.73224519428453,-110.50617932771382
uniform_categorical,Uniform-bin categorical,11,p95_plus,Above train p95,qty_rmse,481.62692551745397,617.8022027340855,-136.17527721663154,51.5025411334782,-22.041889234772462,3,-100.99999517943763,-112.23538046318487,-195.29045600727216
quantile_categorical,Quantile-bin categorical,-1,all,All validation,qty_mae,65.85800862026116,171.7530237058539,-105.89501508559273,3.1791958761979404,-61.65540076135701,3,-103.50940703677422,-104.67142880682387,-109.5042094131801
quantile_categorical,Quantile-bin categorical,-1,all,All validation,qty_rmse,185.16137891814137,553.4292720626967,-368.2678931445553,8.287856922702225,-66.54290109592091,3,-358.88360736168863,-371.33524139348793,-374.5848306784892
quantile_categorical,Quantile-bin categorical,0,le_p50,<= 7,qty_mae,1.6240285983143543,6.815536205316223,-5.191507607001869,1.2369831363634316,-76.17166794525151,3,-5.828077854405949,-3.7658783544322745,-5.980566612167384
quantile_categorical,Quantile-bin categorical,0,le_p50,<= 7,qty_rmse,5.508009053597091,46.512820101608874,-41.00481104801179,5.521566979499614,-88.15808406894132,3,-45.97108047487529,-35.05904324775852,-41.98430942140155
quantile_categorical,Quantile-bin categorical,1,p50_p90,"(7, 686]",qty_mae,54.161679019600264,100.24569789674952,-46.084018877149255,3.257233946405105,-45.971068927680676,3,-46.297031443805885,-42.72550671798853,-49.22951846965336
quantile_categorical,Quantile-bin categorical,1,p50_p90,"(7, 686]",qty_rmse,121.62620731656128,167.80456946767814,-46.178362151116865,2.5303072754085925,-27.519132701574947,3,-44.12924785267117,-45.39922784892272,-49.006610751756696
quantile_categorical,Quantile-bin categorical,2,p90_p95,"(686, 1562]",qty_mae,566.8557995020417,577.9974093264249,-11.141609824383218,32.84756941443921,-1.92762279633177,1,12.211752422115296,-48.701261609329435,3.064679714064482
quantile_categorical,Quantile-bin categorical,2,p90_p95,"(686, 1562]",qty_rmse,618.6888602141986,625.0576367206451,-6.3687765064464275,27.18321643266541,-1.018910278396103,1,8.084891451450062,-37.72538187982127,10.534160909031925
quantile_categorical,Quantile-bin categorical,3,p95_p99,"(1562, 3449]",qty_mae,388.32606656738824,1824.7607973421927,-1436.4347307748046,41.42236220934448,-78.71907007576037,3,-1398.498933000026,-1430.1743018064785,-1480.630957517909
quantile_categorical,Quantile-bin categorical,3,p95_p99,"(1562, 3449]",qty_rmse,481.63581727553475,1889.6432040303814,-1408.0073867548467,58.22961229822858,-74.51181174053052,3,-1352.1670157893116,-1403.491828431967,-1468.3633160432614
quantile_categorical,Quantile-bin categorical,4,gt_p99,> 3449,qty_mae,402.2141906480749,3840.253164556962,-3438.038973908887,97.62054454019939,-89.52636262733274,3,-3403.386310818829,-3362.472004178204,-3548.2586067296284
quantile_categorical,Quantile-bin categorical,4,gt_p99,> 3449,qty_rmse,479.0814501893316,3911.6452040709987,-3432.5637538816673,111.67955855938561,-87.75243087765902,3,-3367.611525710433,-3368.560700051546,-3561.5190358830223
quantile_categorical,Quantile-bin categorical,10,p90_plus,Above train p90,qty_mae,479.7224617568797,1404.360313315927,-924.6378515590474,26.978899539037396,-65.84049996227995,3,-894.3889829670482,-933.3112795757563,-946.2132921343375
quantile_categorical,Quantile-bin categorical,10,p90_plus,Above train p90,qty_rmse,556.0296196832634,1782.7069407374631,-1226.6773210541996,28.383764762668097,-68.80981349333574,3,-1194.450980479019,-1237.6198693335757,-1247.9611133500043
quantile_categorical,Quantile-bin categorical,11,p95_plus,Above train p95,qty_mae,391.2133344683731,2243.771052631579,-1852.557718163206,50.84281090442616,-82.56447180698123,3,-1815.3044668097245,-1831.888824141653,-1910.4798635382404
quantile_categorical,Quantile-bin categorical,11,p95_plus,Above train p95,qty_rmse,481.62692551745397,2451.4081189776366,-1969.7811934601827,67.27771954350155,-80.35305007807851,3,-1912.5620923839078,-1952.885003690186,-2043.896484306454
direct_raw_mse,Direct raw-scale MSE,-1,all,All validation,qty_mae,65.85800862026116,35.49122192636265,30.36678669389852,2.9719736248539586,85.56140094839132,0,33.41583507672767,27.478405766531523,30.206119238436365
direct_raw_mse,Direct raw-scale MSE,-1,all,All validation,qty_rmse,185.16137891814137,90.98224721191681,94.17913170622455,13.510274361556519,103.51374536491885,0,106.36597105438736,79.65136420014781,96.52005986413847
direct_raw_mse,Direct raw-scale MSE,0,le_p50,<= 7,qty_mae,1.6240285983143543,9.091345572304078,-7.467316973989723,2.4138012727067553,-82.13654309586686,3,-10.212873927053785,-5.67875688743635,-6.510320107479034
direct_raw_mse,Direct raw-scale MSE,0,le_p50,<= 7,qty_rmse,5.508009053597091,29.4029583827017,-23.89494932910461,4.393969340300044,-81.26716032480067,3,-27.410480023411623,-25.305424742457753,-18.968943221444455
direct_raw_mse,Direct raw-scale MSE,1,p50_p90,"(7, 686]",qty_mae,54.161679019600264,33.938815564847886,20.222863454752375,1.7381214018119524,59.586238111674696,0,22.18718061099925,18.884110443564722,19.59729930969315
direct_raw_mse,Direct raw-scale MSE,1,p50_p90,"(7, 686]",qty_rmse,121.62620731656128,62.121657394149594,59.504549922411684,8.015895706857014,95.78712548647425,0,64.70737687719989,50.273466186090246,63.53280670394492
direct_raw_mse,Direct raw-scale MSE,2,p90_p95,"(686, 1562]",qty_mae,566.8557995020417,143.0015100930433,423.85428940899834,51.18133614378511,296.3984709904248,0,450.9416009379174,364.8217631918161,455.79950409726155
direct_raw_mse,Direct raw-scale MSE,2,p90_p95,"(686, 1562]",qty_rmse,618.6888602141986,188.90262440015945,429.7862358140392,54.709736515020126,227.51734507595143,0,449.137048521798,368.0309407774364,472.1907181428831
direct_raw_mse,Direct raw-scale MSE,3,p95_p99,"(1562, 3449]",qty_mae,388.32606656738824,228.7563782076239,159.56968835976434,45.26734178069426,69.75529583482725,0,211.7002500616435,136.81131457965637,130.19750043799314
direct_raw_mse,Direct raw-scale MSE,3,p95_p99,"(1562, 3449]",qty_rmse,481.63581727553475,303.2679509307471,178.3678663447877,56.87889422376369,58.815270719298326,0,244.0422142352204,146.13784146933352,144.9235433298092
direct_raw_mse,Direct raw-scale MSE,4,gt_p99,> 3449,qty_mae,402.2141906480749,293.82955481935653,108.38463582871834,78.99314515347484,36.88690740975738,0,170.15823093848894,135.61783648140823,19.377840066257875
direct_raw_mse,Direct raw-scale MSE,4,gt_p99,> 3449,qty_rmse,479.0814501893316,373.8027750979259,105.27867509140565,87.52251349240206,28.164230472560178,0,181.51419306311135,124.6178540479545,9.703978163151078
direct_raw_mse,Direct raw-scale MSE,10,p90_plus,Above train p90,qty_mae,479.7224617568797,192.25429186310532,287.46816989377436,38.402875042509905,149.5249687837742,0,327.97354239521076,251.58644303204807,282.84452425406425
direct_raw_mse,Direct raw-scale MSE,10,p90_plus,Above train p90,qty_rmse,556.0296196832634,261.8199362475083,294.20968343575515,42.97059595133615,112.37100109810875,0,334.3862829209585,248.9052627232827,299.3375046630242
direct_raw_mse,Direct raw-scale MSE,11,p95_plus,Above train p95,qty_mae,391.2133344683731,242.28474913479988,148.92858533357318,49.13378969769795,61.46841097733057,0,203.06388292814555,136.56319676449425,107.15867630807975
direct_raw_mse,Direct raw-scale MSE,11,p95_plus,Above train p95,qty_rmse,481.62692551745397,319.2177128536251,162.40921266382887,59.57310970674276,50.877255905376536,0,229.77542306145,140.7801803297885,116.67203460024808
