dataset,scope_type,scope,event_count_per_seed,memory_on_mae_mean,memory_on_mae_std,memory_off_mae_mean,memory_off_mae_std,mae_delta_on_minus_off_mean,mae_delta_on_minus_off_std,mae_delta_pct_vs_off_mean,mae_delta_pct_vs_off_std,memory_on_mse_mean,memory_on_mse_std,memory_off_mse_mean,memory_off_mse_std,mse_delta_on_minus_off_mean,mse_delta_on_minus_off_std,memory_on_rmse_mean,memory_on_rmse_std,memory_off_rmse_mean,memory_off_rmse_std,rmse_delta_on_minus_off_mean,rmse_delta_on_minus_off_std,memory_help_share_mean,memory_help_share_std,memory_harm_share_mean,memory_harm_share_std,memory_tie_share_mean,memory_tie_share_std,retrieval_applied_share_mean,retrieval_applied_share_std,residual_nonzero_share_mean,residual_nonzero_share_std,memory_residual_norm_mean_mean,memory_residual_norm_mean_std,memory_residual_norm_p50_mean,memory_residual_norm_p50_std,memory_residual_norm_p95_mean,memory_residual_norm_p95_std,relative_residual_norm_mean_mean,relative_residual_norm_mean_std,top1_similarity_mean_mean,top1_similarity_mean_std,topk_similarity_mean_mean,topk_similarity_mean_std,similarity_margin_mean_mean,similarity_margin_mean_std,quantity_logit_residual_mean_mean,quantity_logit_residual_mean_std,quantity_logit_residual_abs_mean_mean,quantity_logit_residual_abs_mean_std,log_location_shift_mean_mean,log_location_shift_mean_std,prediction_shift_mean_mean,prediction_shift_mean_std,prediction_shift_abs_mean_mean,prediction_shift_abs_mean_std
insta_market_basket,history,history_le_64,503733,4.04502659185115,0.0166161745227451,4.755033173141617,0.0882773616130905,-0.7100065812904668,0.07883912383750458,-14.914949637827116,1.3765178305439318,36.192032029459256,0.4493861621869997,50.36964080059619,1.482822592721378,-14.177608770877656,1.1922632846618388,6.015903892052361,0.03739768138214731,7.096644036593896,0.10452907590096203,-1.0807401445415354,0.08094093660470705,0.639564345926645,0.015933159939172045,0.36043565407335504,0.01593315993917203,0.0,0.0,1.0,0.0,1.0,0.0,0.837209233235536,0.005096111367309686,0.8361665805180868,0.006170527275159273,0.8516036073366801,0.0165076599243011,0.2130676330338608,0.0010374258390475266,0.46764906116319277,0.006745181179274905,0.45897147523546344,0.009040897609652277,0.006437838111200613,0.002910333325562737,0.27910334793187286,0.01581389266069594,0.27910334793187286,0.01581389266069594,0.24024511714432775,0.012582191929653496,2.224769565272741,0.0927770601571094,2.224769565272741,0.0927770601571094
insta_market_basket,overall,overall,503733,4.04502659185115,0.0166161745227451,4.755033173141617,0.0882773616130905,-0.7100065812904668,0.07883912383750458,-14.914949637827116,1.3765178305439318,36.192032029459256,0.4493861621869997,50.36964080059619,1.482822592721378,-14.177608770877656,1.1922632846618388,6.015903892052361,0.03739768138214731,7.096644036593896,0.10452907590096203,-1.0807401445415354,0.08094093660470705,0.639564345926645,0.015933159939172045,0.36043565407335504,0.01593315993917203,0.0,0.0,1.0,0.0,1.0,0.0,0.837209233235536,0.005096111367309686,0.8361665805180868,0.006170527275159273,0.8516036073366801,0.0165076599243011,0.2130676330338608,0.0010374258390475266,0.46764906116319277,0.006745181179274905,0.45897147523546344,0.009040897609652277,0.006437838111200613,0.002910333325562737,0.27910334793187286,0.01581389266069594,0.27910334793187286,0.01581389266069594,0.24024511714432775,0.012582191929653496,2.224769565272741,0.0927770601571094,2.224769565272741,0.0927770601571094
insta_market_basket,quantity,gt_p99,6036,23.55084085127416,0.5490646621546211,28.370122965477094,0.4287590472529448,-4.819282114202939,0.2827087260422488,-16.991362757049192,1.0608576632127553,667.4947350366393,19.814654848013664,903.2046607705562,20.805660193605185,-235.70992570516418,12.087544983299843,25.83402281324152,0.38340641926550695,30.052025685751573,0.34730308122115044,-4.218002872510053,0.21783499101915355,0.9988955157941243,0.0005818231584301186,0.0011044842058758558,0.000581823158430127,0.0,0.0,1.0,0.0,1.0,0.0,0.8376227287410609,0.006672191472034259,0.8361665805180868,0.006170527275159273,0.8380058606465658,0.00832772410088716,0.17374807949685447,0.00038537521474652045,0.5655781823536082,0.03450031112112318,0.5578685599988807,0.03762475703661038,0.0057652203807648855,0.002418738349138637,0.2816901186809046,0.014726731900457951,0.2816901186809046,0.014726731900457951,0.2638953492219858,0.013703741105280042,4.85564970352646,0.2714441538046444,4.85564970352646,0.2714441538046444
insta_market_basket,quantity,le_p50,247651,2.52141138628003,0.04131491025187116,1.8578874267773824,0.01200316211181365,0.6635239595026474,0.03864425660953743,35.71421970681256,2.067849333445318,12.291115062837472,0.4294962057921812,6.181484825261354,0.1263629225368095,6.109630238182607,0.3035781105129223,3.5055147406098075,0.06100982959525817,2.4861729602648324,0.025362479453493913,1.019341780344975,0.03575288815114523,0.3739442468096905,0.025563297237196074,0.6260557531903095,0.025563297237196036,0.0,0.0,1.0,0.0,1.0,0.0,0.8380924517577527,0.00457187902181416,0.8333160678545634,0.005450643439487358,0.855717400709788,0.012068629930464503,0.222855418219035,0.0017777126433389018,0.41596283707022996,0.013334349581143181,0.4060121153021637,0.008237144041981805,0.007383402235737284,0.003917345911177052,0.2778629541807434,0.016102640904175253,0.2778629541807434,0.016102640904175253,0.22853846875245964,0.011641683850526123,1.5853768010301126,0.053264238121767685,1.5853768010301126,0.053264238121767685
insta_market_basket,quantity,p50_p90,202534,3.804323126665688,0.03760422084376323,5.397447086797956,0.14893681294812103,-1.5931239601322673,0.11275777177343141,-29.493077017510377,1.2729320393825996,22.752214754238523,0.3903839741260904,39.07055448237703,1.7250247434801667,-16.31833972849518,1.369390099678541,4.769811700524428,0.040824547372776604,6.249636545542618,0.1374638006631215,-1.4798248450181903,0.10072327051431249,0.8707328152310229,0.010074304455369122,0.12926718476897706,0.010074304455369157,0.0,0.0,1.0,0.0,1.0,0.0,0.8361750411183332,0.00548860270780296,0.8361665805180868,0.006170527275159273,0.8380058606465658,0.00832772410088716,0.20810036774479343,0.0004557192889654552,0.5087533858901537,0.019771618801586593,0.5012998898214359,0.022016803711248666,0.005489293336591726,0.0019204528612094885,0.2800666405735559,0.015771608117343214,0.2800666405735559,0.015771608117343214,0.2494596352368488,0.013522608191906905,2.57985680373586,0.11554320941997163,2.57985680373586,0.11554320941997163
insta_market_basket,quantity,p90_p95,27322,8.753378007636686,0.18990205828294512,12.051336506003357,0.242711965624706,-3.2979584983666705,0.16232420327941377,-27.362133055390036,1.0800360948808079,94.09987715101248,2.565517654728775,157.3026255890364,5.084146026531125,-63.202748445967366,3.6934627872168084,9.699905809933293,0.13250148735859704,12.540938811348097,0.2030245763178981,-2.8410330014148037,0.14047828266745926,0.9897518483273552,0.0036485067823009225,0.010248151672644755,0.003648506782300912,0.0,0.0,1.0,0.0,1.0,0.0,0.8367410523052623,0.006024885220197043,0.8361665805180868,0.006170527275159273,0.8380058606465658,0.00832772410088716,0.19162912689176834,0.0002028033843009251,0.5441824524552652,0.028836202291938593,0.536847804759665,0.03151950612868815,0.005597822876948943,0.0021756132735263676,0.2809781151586523,0.015257900775427814,0.2809781151586523,0.015257900775427814,0.2576342604441178,0.01374722437157466,3.469844232729354,0.1730233850317418,3.469844232729354,0.1730233850317418
insta_market_basket,quantity,p95_p99,20190,12.945313498279885,0.3436627335110489,16.913532430070333,0.31829506970827154,-3.9682189317904464,0.20436453117732695,-23.464526783022993,1.1953832322572657,197.08379428592238,6.802976379940688,306.05834673885283,9.272839403103745,-108.9745524481694,5.958391359419606,14.037257735047186,0.24245483841432058,17.493175166447216,0.2659962448436264,-3.4559174314000294,0.1731941868973605,0.9974079577348522,0.0012918870833408989,0.002592042265147763,0.0012918870833409039,0.0,0.0,1.0,0.0,1.0,0.0,0.8372599958172918,0.0063262383111987825,0.8361665805180868,0.006170527275159273,0.8380058606465658,0.00832772410088716,0.18360557305991443,0.00027141374350646096,0.5564542264038405,0.0318282338664778,0.5490069110053506,0.03476827912745633,0.005692592109523532,0.0023618062895045693,0.28134451200116956,0.015030069267657884,0.28134451200116956,0.015030069267657884,0.2608023731862434,0.013771432313620414,4.0341353960707975,0.21368433623932337,4.0341353960707975,0.21368433623932337
insta_market_basket,quantity_region,body_le_p95,477507,3.4221375294695022,0.00574349600740169,3.9424361180535707,0.07716341727381008,-0.5202985885840682,0.07531283514419125,-13.17601503954936,1.6450228808684604,21.409111998319755,0.14383543163898568,28.778193652319658,0.9727149589349048,-7.369081654291147,0.8939276648596594,4.626980751584001,0.015546195237696629,5.364022811628325,0.09043999654979634,-0.7370420600443243,0.08213851871403098,0.6198917851815087,0.01676674967481204,0.38010821481849133,0.016766749674812065,0.0,0.0,1.0,0.0,1.0,0.0,0.8372018600338929,0.005034873497723136,0.8361665805180868,0.006170527275159273,0.8516036073366801,0.0165076599243011,0.214810375686897,0.001095257758924892,0.46265630406913133,0.005935534350849179,0.4539144640255209,0.007747637727131158,0.00647785100607916,0.0029452204741741823,0.278975888332746,0.015872824869592288,0.278975888332746,0.015872824869592288,0.2390769587711374,0.012528305782902302,2.1150097321429393,0.08601377796506553,2.1150097321429393,0.08601377796506553
insta_market_basket,quantity_region,extreme_tail_gt_p99,6036,23.55084085127416,0.5490646621546211,28.370122965477094,0.4287590472529448,-4.819282114202939,0.2827087260422488,-16.991362757049192,1.0608576632127553,667.4947350366393,19.814654848013664,903.2046607705562,20.805660193605185,-235.70992570516418,12.087544983299843,25.83402281324152,0.38340641926550695,30.052025685751573,0.34730308122115044,-4.218002872510053,0.21783499101915355,0.9988955157941243,0.0005818231584301186,0.0011044842058758558,0.000581823158430127,0.0,0.0,1.0,0.0,1.0,0.0,0.8376227287410609,0.006672191472034259,0.8361665805180868,0.006170527275159273,0.8380058606465658,0.00832772410088716,0.17374807949685447,0.00038537521474652045,0.5655781823536082,0.03450031112112318,0.5578685599988807,0.03762475703661038,0.0057652203807648855,0.002418738349138637,0.2816901186809046,0.014726731900457951,0.2816901186809046,0.014726731900457951,0.2638953492219858,0.013703741105280042,4.85564970352646,0.2714441538046444,4.85564970352646,0.2714441538046444
insta_market_basket,quantity_region,tail_p95_p99,20190,12.945313498279885,0.3436627335110489,16.913532430070333,0.31829506970827154,-3.9682189317904464,0.20436453117732695,-23.464526783022993,1.1953832322572657,197.08379428592238,6.802976379940688,306.05834673885283,9.272839403103745,-108.9745524481694,5.958391359419606,14.037257735047186,0.24245483841432058,17.493175166447216,0.2659962448436264,-3.4559174314000294,0.1731941868973605,0.9974079577348522,0.0012918870833408989,0.002592042265147763,0.0012918870833409039,0.0,0.0,1.0,0.0,1.0,0.0,0.8372599958172918,0.0063262383111987825,0.8361665805180868,0.006170527275159273,0.8380058606465658,0.00832772410088716,0.18360557305991443,0.00027141374350646096,0.5564542264038405,0.0318282338664778,0.5490069110053506,0.03476827912745633,0.005692592109523532,0.0023618062895045693,0.28134451200116956,0.015030069267657884,0.28134451200116956,0.015030069267657884,0.2608023731862434,0.013771432313620414,4.0341353960707975,0.21368433623932337,4.0341353960707975,0.21368433623932337
intermittent_v2,history,history_65_128,28456,1.3068711406475109,0.15514157012555677,7.922972811145631,0.6087889135574,-6.616101670498121,0.723520715943263,-83.36512071982477,3.118377263703023,8.429179856119516,3.1342549328858973,227.41939919085382,39.23170931558181,-218.9902193747315,42.36456334113367,2.8722332048634325,0.518829846384319,15.040819002047861,1.3378132933016658,-12.168585797184429,1.8565783401579756,0.9702347483834691,0.004292934056064654,0.029765251616530788,0.004292934056064713,0.0,0.0,1.0,0.0,1.0,0.0,1.5319575873841476,0.037597289197654225,1.5535184542338054,0.04200705279722969,1.5599359273910522,0.041188102577486056,0.30230890732583576,0.003397242421625301,0.3877219414323109,0.03284412247349969,0.3814835921398581,0.033007714226055404,0.005002170601169685,0.0008742651489982888,0.2332369801985026,0.006521561965976454,0.2332369801985026,0.006521561965976454,0.1946704241355249,0.005874459015709557,8.158451925259719,0.3166583057809164,8.158451925259719,0.3166583057809164
intermittent_v2,history,history_gt_128,32741,0.1737434554263638,0.027451204005663643,0.29625449044442553,0.006227916326810775,-0.12251103501806175,0.03351246986805138,-41.212015741166425,10.363150124512115,0.6179055384142527,0.3963441227206887,0.9378385609037219,0.3930537454744982,-0.3199330233801556,0.7697524576549434,0.7531927577444577,0.27551644623021465,0.9553358029216673,0.19431442777005178,-0.20214304517720952,0.4629853035227529,0.8578540667664396,0.03406233630078017,0.14214593323356037,0.034062336300780156,0.0,0.0,1.0,0.0,1.0,0.0,1.4947111325138096,0.030346455642921558,1.4894724289576213,0.028280850577916385,1.5341277917226155,0.04319653112912356,0.4539762416052973,0.02500518089995236,0.33827558110712896,0.03631701834940085,0.32807044245933265,0.03804610446008123,0.007453839792791239,0.000923550658985505,0.17748017909970468,0.002991517763969549,0.17748017909970468,0.002991517763969549,0.09088744868375138,0.001253244728516699,0.33181069645480615,0.010042665228273958,0.33181069645480615,0.010042665228273958
intermittent_v2,history,history_le_64,25088,0.859809846329015,0.09524851895746472,4.686283279163605,0.2890148801803206,-3.8264734328345895,0.23670627932623556,-81.6595341563784,1.5493885775331495,2.50295381713379,0.5479085015002669,53.818909832322696,10.04371388705276,-51.3159559757568,10.368708358766694,1.5755298575093721,0.17603757509529608,7.313961163357345,0.6980851666055673,-5.738431305847974,0.8112921556286087,0.9633955144557823,0.0006179323955268351,0.036604485544217684,0.0006179323955268647,0.0,0.0,1.0,0.0,1.0,0.0,1.5473257427461775,0.04051959018606376,1.5548924605051677,0.04156972196334432,1.5600392023722331,0.04183535443052692,0.3035447436232804,0.0057247445897572295,0.4348772745983556,0.04252394391096758,0.42966185167048726,0.042571548666955776,0.0041603458776328,0.0006401504826887289,0.2559328062082071,0.007334990265922816,0.2559328062082071,0.007334990265922816,0.2288986184138513,0.006915963048751062,4.586362413099024,0.1899294039495713,4.586362413099024,0.1899294039495713
intermittent_v2,overall,overall,86285,0.7469174141169668,0.06850811593693129,4.087909341058788,0.2828675937086765,-3.3409919269418213,0.31693518493282097,-81.63479133987738,2.5837936314897756,3.7420837061274903,1.1756181706910127,91.00493719152571,15.868744139279498,-87.26285348746175,17.04337007523443,1.9195184941600456,0.29376637836478414,9.514089759927165,0.854722087793543,-7.59457126576712,1.1484389237892192,0.9256031368913099,0.01310313459335227,0.07439686310869019,0.013103134593352248,0.0,0.0,1.0,0.0,1.0,0.0,1.5222927569131837,0.035692800730151804,1.5193541049957275,0.04081726393253295,1.5585689147313435,0.041123140631199866,0.3602186813615795,0.009025720092542423,0.3826701910129211,0.03543364643424754,0.3752240596766761,0.03618194370897086,0.00568769418393364,0.0007845500302797227,0.21867893949798364,0.004948970297649654,0.21867893949798364,0.004948970297649654,0.16524188544152404,0.003804673252945671,4.15000732708635,0.16249309662975717,4.15000732708635,0.16249309662975717
intermittent_v2,quantity,gt_p99,1141,7.745800627904296,3.184965387049109,61.40569748740568,6.572708580932514,-53.65989685950138,9.757554470549763,-86.8848436778293,7.021137991841313,103.18877178383842,76.62975315182709,4037.6163746072925,841.6926233300659,-3934.4276024085407,918.2946784771071,9.732959218292136,3.56193977466644,63.29478120894995,6.861528217363369,-53.56182199065781,10.423231251192092,1.0,0.0,0.0,0.0,0.0,0.0,1.0,0.0,1.0,0.0,1.555569468274508,0.04242800995129212,1.5556152661641438,0.043457482546421684,1.5585588614145915,0.042722489997686956,0.1462432108460342,0.0030576650761461916,0.3544371765658691,0.03885539863886333,0.3506599685235432,0.03839290513738729,0.0031079830062553057,0.0013312356636263618,0.26773082584865326,0.008783074786741837,0.26773082584865326,0.008783074786741837,0.26655469621930805,0.00872990601066483,64.21015140267099,2.0382184389564784,64.21015140267099,2.0382184389564784
intermittent_v2,quantity,le_p50,45036,0.08986587805584861,0.013951907919987407,0.19446858322443572,0.015206916688351906,-0.10460270516858712,0.018126383786769795,-53.679120063521964,7.018646565144814,0.05181053975895242,0.005896035630234066,0.05837699065843599,0.00809733666848514,-0.0065664508927816825,0.010226189887240734,0.22737964168361846,0.012788958525718739,0.2412174064805689,0.016933109691842408,-0.013837764796950489,0.021570723178087912,0.8952393640643042,0.025907560616512577,0.10476063593569589,0.025907560616512556,0.0,0.0,1.0,0.0,1.0,0.0,1.492727653238113,0.030520836192233912,1.4892347653706868,0.029610021570688295,1.5187936623891194,0.04297736838065588,0.4475009545104173,0.022762720646564816,0.3215852005738576,0.040491701292817296,0.3116656494690723,0.04173951404571496,0.007455037288765567,0.0007609353839252017,0.17523626066815134,0.0032915537918891476,0.17523626066815134,0.0032915537918891476,0.08702383932980995,0.0011513406470499432,0.1774494820959732,0.003424799292759602,0.1774494820959732,0.003424799292759602
intermittent_v2,quantity,p50_p90,29579,0.949379110065743,0.053282349504889054,4.63487224720613,0.25578610249554096,-3.685493137140387,0.23950227566219678,-79.49100006301666,1.2907000683423575,2.5243514633411657,0.13202143690007342,26.342638449925733,3.1100743261948613,-23.818286993193755,3.2407397233858966,1.588454381060176,0.0417877248465184,5.126593123088987,0.30169869130254234,-3.5381387420288104,0.3429709010206908,0.9468203793231685,0.0034306141057974357,0.05317962067683154,0.003430614105797484,0.0,0.0,1.0,0.0,1.0,0.0,1.5540143431918298,0.04148719660153589,1.5548925002415974,0.04156966846149417,1.5606128374735515,0.04174822275236744,0.28661641623155526,0.007212706930846202,0.46047830738229917,0.040107309178100924,0.4555392094152187,0.04033402748195116,0.003923362875410062,0.000822014517976632,0.26533722552265293,0.008295373996086442,0.26533722552265293,0.008295373996086442,0.24629255068012382,0.00785682123228763,4.744693301165122,0.19406107421415486,4.744693301165122,0.19406107421415486
intermittent_v2,quantity,p90_p95,7124,1.6276951237785087,0.537408250475141,9.169331673935025,0.8087320508125606,-7.5416365501565155,0.3408986966732715,-82.47351767293715,4.203293978733613,5.921551590692956,2.1618557269925187,88.02692897936032,15.030356027896925,-82.10537739646094,12.930624373045225,2.4083171542369306,0.42701301262564634,9.360124228680203,0.788989926774243,-6.9518070744432725,0.38696536185076197,0.9964907355418303,0.0030366799063424607,0.0035092644581695676,0.0030366799063424954,0.0,0.0,1.0,0.0,1.0,0.0,1.5559394818030112,0.04109326063417591,1.5552358229955037,0.04110911465342158,1.5599359273910522,0.041188102577486056,0.23170230733086036,0.0037749222748493373,0.4454435353843143,0.037333598156968656,0.4411047550189167,0.03746600877667824,0.0033419732546150385,0.0007158712865797237,0.26811992325308437,0.008752465047998932,0.26811992325308437,0.008752465047998932,0.25963249351343326,0.008555836727367191,8.373996663758446,0.4302444846840552,8.373996663758446,0.4302444846840552
intermittent_v2,quantity,p95_p99,3405,3.4905216205837792,0.6329945954756592,20.99443891360021,1.619931034243756,-17.503917293016432,2.2372533387287326,-83.15740714792095,4.253487418879323,25.245532758590826,8.249669577618558,539.3594452961134,78.518449726414,-514.1139126552184,85.8398154503798,4.974403403229112,0.8667556234603777,23.181929418468496,1.713589974260933,-18.20752601523938,2.495030299633019,0.969652471855115,0.026362011744666947,0.030347528144884978,0.02636201174466694,0.0,0.0,1.0,0.0,1.0,0.0,1.5562232158841074,0.04051506493745636,1.5562408367792766,0.03978138033452461,1.560060938199361,0.04001584108466464,0.185749843535736,0.0036312899376734933,0.39281818499415744,0.0411254847408824,0.38857745244639563,0.04103250831510983,0.003410883041438786,0.0012068309584868148,0.26807490744488066,0.009001116503165223,0.26807490744488066,0.009001116503165223,0.2642708688755568,0.00889876223472839,22.563391836635983,0.9429205539169964,22.563391836635983,0.9429205539169964
intermittent_v2,quantity_region,body_le_p95,81739,0.5349292803013972,0.06372299093581164,2.583531633116614,0.15467435511644012,-2.048602352815217,0.1153158889897814,-79.31621237974706,1.7425846050610758,1.4581321637755433,0.14157387928688783,17.236836894390798,2.424027858570025,-15.77870473368249,2.2943091151563806,1.206605931414782,0.05789158034908772,4.145006142944204,0.28920832287195125,-2.938400211529423,0.23754121013722582,0.9227296639303147,0.014268105693357147,0.07727033606968521,0.014268105693357189,0.0,0.0,1.0,0.0,1.0,0.0,1.520414804644875,0.03539945428297441,1.5009216864903767,0.03139665662133717,1.5577456553777058,0.04137701992564377,0.37047342395269545,0.00964172628454103,0.38264156269569155,0.03626616602957593,0.37501068938372945,0.03705062136952089,0.005818549618841408,0.0007658901463029094,0.21593653412006983,0.004748461511459835,0.21593653412006983,0.004748461511459835,0.1597024048301839,0.003528346030825364,2.5445778669111747,0.10637083825062818,2.5445778669111747,0.10637083825062818
intermittent_v2,quantity_region,extreme_tail_gt_p99,1141,7.745800627904296,3.184965387049109,61.40569748740568,6.572708580932514,-53.65989685950138,9.757554470549763,-86.8848436778293,7.021137991841313,103.18877178383842,76.62975315182709,4037.6163746072925,841.6926233300659,-3934.4276024085407,918.2946784771071,9.732959218292136,3.56193977466644,63.29478120894995,6.861528217363369,-53.56182199065781,10.423231251192092,1.0,0.0,0.0,0.0,0.0,0.0,1.0,0.0,1.0,0.0,1.555569468274508,0.04242800995129212,1.5556152661641438,0.043457482546421684,1.5585588614145915,0.042722489997686956,0.1462432108460342,0.0030576650761461916,0.3544371765658691,0.03885539863886333,0.3506599685235432,0.03839290513738729,0.0031079830062553057,0.0013312356636263618,0.26773082584865326,0.008783074786741837,0.26773082584865326,0.008783074786741837,0.26655469621930805,0.00872990601066483,64.21015140267099,2.0382184389564784,64.21015140267099,2.0382184389564784
intermittent_v2,quantity_region,tail_p95_p99,3405,3.4905216205837792,0.6329945954756592,20.99443891360021,1.619931034243756,-17.503917293016432,2.2372533387287326,-83.15740714792095,4.253487418879323,25.245532758590826,8.249669577618558,539.3594452961134,78.518449726414,-514.1139126552184,85.8398154503798,4.974403403229112,0.8667556234603777,23.181929418468496,1.713589974260933,-18.20752601523938,2.495030299633019,0.969652471855115,0.026362011744666947,0.030347528144884978,0.02636201174466694,0.0,0.0,1.0,0.0,1.0,0.0,1.5562232158841074,0.04051506493745636,1.5562408367792766,0.03978138033452461,1.560060938199361,0.04001584108466464,0.185749843535736,0.0036312899376734933,0.39281818499415744,0.0411254847408824,0.38857745244639563,0.04103250831510983,0.003410883041438786,0.0012068309584868148,0.26807490744488066,0.009001116503165223,0.26807490744488066,0.009001116503165223,0.2642708688755568,0.00889876223472839,22.563391836635983,0.9429205539169964,22.563391836635983,0.9429205539169964
raf_spare_parts,history,history_le_64,6690,9.148543190828413,0.10317927407160175,9.156756933711332,0.09431410043087674,-0.008213742882919121,0.01026766279663429,-0.0903578654150486,0.11257649839640149,1289.394469552709,64.89886183538677,1290.0353682253742,64.41804766564749,-0.640898672661378,3.5473537233416623,35.900487940772294,0.9078285910669308,35.90951678886401,0.9016420151601008,-0.0090288480917143,0.048839001822010834,0.5977080219232686,0.008395134818489804,0.4022919780767314,0.008395134818489795,0.0,0.0,1.0,0.0,1.0,0.0,0.5029154257307792,0.10992842188283712,0.516961028178533,0.12785696774401548,0.5776151120662689,0.17984548246387214,0.046251969195959884,0.018224990405570414,0.695442649745858,0.047991059496695805,0.6495592956229354,0.05206171045415498,0.035119463148465126,0.02879509318908838,-0.016405030976928487,0.008571396690077532,0.019652217216328007,0.011347227222796775,-0.009986463591538083,0.004724932848961811,-0.014085444922345041,0.04138073837395045,0.07270574608013056,0.029849544552071682
raf_spare_parts,overall,overall,6690,9.148543190828413,0.10317927407160175,9.156756933711332,0.09431410043087674,-0.008213742882919121,0.01026766279663429,-0.0903578654150486,0.11257649839640149,1289.394469552709,64.89886183538677,1290.0353682253742,64.41804766564749,-0.640898672661378,3.5473537233416623,35.900487940772294,0.9078285910669308,35.90951678886401,0.9016420151601008,-0.0090288480917143,0.048839001822010834,0.5977080219232686,0.008395134818489804,0.4022919780767314,0.008395134818489795,0.0,0.0,1.0,0.0,1.0,0.0,0.5029154257307792,0.10992842188283712,0.516961028178533,0.12785696774401548,0.5776151120662689,0.17984548246387214,0.046251969195959884,0.018224990405570414,0.695442649745858,0.047991059496695805,0.6495592956229354,0.05206171045415498,0.035119463148465126,0.02879509318908838,-0.016405030976928487,0.008571396690077532,0.019652217216328007,0.011347227222796775,-0.009986463591538083,0.004724932848961811,-0.014085444922345041,0.04138073837395045,0.07270574608013056,0.029849544552071682
raf_spare_parts,quantity,gt_p99,50,308.2099956258138,14.13843304638577,308.4166689046224,13.976299390719914,-0.20667327880859374,0.5035552878070522,-0.0685954193262599,0.1601325691976537,123860.64369140625,9228.052313965682,123975.4834326172,9155.318076025316,-114.8397412109375,328.5756174007991,351.77231753986507,13.240863116047047,351.9381310703311,13.135942943291703,-0.16581353046607697,0.45838606187217185,0.64,0.5542562584220407,0.36000000000000004,0.5542562584220407,0.0,0.0,1.0,0.0,1.0,0.0,0.4926765229304631,0.11943421692415115,0.507336288690567,0.12526467289294335,0.507336288690567,0.12526467289294335,0.02878763685002923,0.010884887513692581,0.5971624358495077,0.12684146090567402,0.46279332439104715,0.029116675985464392,0.14488286872704823,0.20508702109442906,0.0014665580571939548,0.008044872133655016,0.008523028632625938,0.0047453790006514,0.001947919925053914,0.008198166521111574,0.20667193094889322,0.5035550845541582,0.4340231577555338,0.20260660288902305
raf_spare_parts,quantity,le_p50,3626,1.5762763567204467,0.10136378982363954,1.601042215587199,0.10072618305198716,-0.024765858866752435,0.011703165350990577,-1.5498086244254494,0.7251143098585773,20.33369142405184,4.766583216638212,20.238128466374643,4.682474952542482,0.09556295767852507,0.33811021531382945,4.489371815811236,0.5185057233795453,4.479483965559543,0.5084562940945819,0.009887850251693031,0.04001574200245452,0.7938040080897224,0.09229743097241497,0.2061959919102776,0.09229743097241494,0.0,0.0,1.0,0.0,1.0,0.0,0.494144991196392,0.10757892707380455,0.5146642625331879,0.12526225998630441,0.5776151120662689,0.17984548246387214,0.0471529935293638,0.0180052969626339,0.7207655817020967,0.04478592392209819,0.6799632781805921,0.053210288991336716,0.023008435071446173,0.011928998684887365,-0.02529188024915127,0.016128609350069524,0.026258685484803024,0.01708050689831617,-0.015316899317243253,0.009294946793309057,-0.03961351716599496,0.018842292548982766,0.04944275929156768,0.026067178939198882
raf_spare_parts,quantity,p50_p90,2555,6.027943430581438,0.4257268660398031,6.004354395900609,0.40789911805220685,0.023589034680828735,0.022346853172770027,0.38045807145174715,0.3655078282369447,102.44302823466116,28.36913872040598,101.79671847767007,27.919917160384703,0.646309756995234,0.9749921986501324,10.059108881876027,1.3733299333503097,10.028818032295964,1.3525128572949228,0.030290849580063412,0.050642634012263404,0.3231572080887149,0.04579312113219283,0.676842791911285,0.04579312113219289,0.0,0.0,1.0,0.0,1.0,0.0,0.5154229639891464,0.12835671276276478,0.516961028178533,0.12785696774401548,0.573334147532781,0.17793301181902751,0.04731958470242287,0.020134076683207967,0.6734145674900688,0.054933739477613173,0.6320294074019185,0.05898120731620863,0.037305755832579425,0.028985308439558974,-0.007287311723330639,0.00527489858607776,0.012601760465017505,0.005139520966832654,-0.004695501828302531,0.004675675029162581,-0.003226402034498241,0.06285682900989376,0.07003770121856212,0.026196893296683593
raf_spare_parts,quantity,p90_p95,235,28.0315540557212,0.6777227162890314,28.05409169569083,0.5556878838803073,-0.0225376399696296,0.12212910523471746,-0.08612278746258117,0.43883161226731027,944.9099313229494,43.17223960059065,945.4050833362452,39.800681080341974,-0.49515201326538927,5.1968247819441915,30.734015182797368,0.7038203604581866,30.742895488430907,0.6474492146025519,-0.008880305633542918,0.0856911875872197,0.5588652482269504,0.4432346090571708,0.44113475177304967,0.4432346090571709,0.0,0.0,1.0,0.0,1.0,0.0,0.5048323723864048,0.12697778223992057,0.507336288690567,0.12526467289294335,0.5429766674836477,0.16386515339484362,0.03775787484297093,0.015307723517518084,0.639153434790618,0.06541607481504959,0.55019413575213,0.04562747535551735,0.09234048098537094,0.11730806176261863,0.0007596111195888503,0.008192999605463248,0.008030738004529518,0.003948725408472161,0.0010812509989907555,0.007827878118464936,0.05767982851528953,0.1934372022939236,0.15356678370888352,0.09778888662080985
raf_spare_parts,quantity,p95_p99,224,80.75386351630802,3.358232013059989,80.79756400698707,3.2664871980609984,-0.043700490679059706,0.29045342302773536,-0.0566012392692355,0.3562763294411662,8372.728038541285,387.9213658194351,8374.63472180069,367.38795579539607,-1.9066832593996967,45.59136065747347,91.48643072530263,2.107497930849305,91.49847887952798,1.9986562485568287,-0.012048154225354324,0.24942374990147922,0.5863095238095238,0.49160549962536504,0.4136904761904761,0.49160549962536504,0.0,0.0,1.0,0.0,1.0,0.0,0.5024971134428468,0.12529330520538862,0.507336288690567,0.12526467289294335,0.5429766674836477,0.16386515339484362,0.03229865195628787,0.01257160159341445,0.6177764671544234,0.1002355173126063,0.503278647327707,0.034974990181850206,0.12169759050898608,0.16798856480688323,0.0014551137719536198,0.008481514729242731,0.007805655171978287,0.0042057347988956025,0.0016747887822843735,0.008244606899274995,0.15072360563845863,0.36278231472051164,0.31422463130383266,0.14831582255217635
raf_spare_parts,quantity_region,body_le_p95,6416,4.318015701012842,0.1516474922246692,4.323443906442111,0.15377567262477196,-0.005428205429268994,0.0035811963142518594,-0.12449253377231546,0.08110272669523794,86.89615587656863,15.054956472588358,86.60290899525235,14.870853101918781,0.2932468813197924,0.3995356342502605,9.299315161032977,0.7926790766295563,9.28403956221264,0.7837586387302589,0.015275598820336947,0.021931866185126814,0.5977763923524523,0.030103381765464243,0.40222360764754783,0.03010338176546426,0.0,0.0,1.0,0.0,1.0,0.0,0.503009822098066,0.10996491894670594,0.5137514571348826,0.1238259695948107,0.5776151120662689,0.17984548246387214,0.04687521727560188,0.018501272182553416,0.6989200867152001,0.04851763327388216,0.6561218211497005,0.05337302982723619,0.0312413972495116,0.022563628334363553,-0.01716785078295338,0.009197456331971325,0.020152542859582283,0.011760214791726592,-0.010486594468652459,0.005122071234766767,-0.021559742945908313,0.029140231985617212,0.06145791240278028,0.025102855679438534
raf_spare_parts,quantity_region,extreme_tail_gt_p99,50,308.2099956258138,14.13843304638577,308.4166689046224,13.976299390719914,-0.20667327880859374,0.5035552878070522,-0.0685954193262599,0.1601325691976537,123860.64369140625,9228.052313965682,123975.4834326172,9155.318076025316,-114.8397412109375,328.5756174007991,351.77231753986507,13.240863116047047,351.9381310703311,13.135942943291703,-0.16581353046607697,0.45838606187217185,0.64,0.5542562584220407,0.36000000000000004,0.5542562584220407,0.0,0.0,1.0,0.0,1.0,0.0,0.4926765229304631,0.11943421692415115,0.507336288690567,0.12526467289294335,0.507336288690567,0.12526467289294335,0.02878763685002923,0.010884887513692581,0.5971624358495077,0.12684146090567402,0.46279332439104715,0.029116675985464392,0.14488286872704823,0.20508702109442906,0.0014665580571939548,0.008044872133655016,0.008523028632625938,0.0047453790006514,0.001947919925053914,0.008198166521111574,0.20667193094889322,0.5035550845541582,0.4340231577555338,0.20260660288902305
raf_spare_parts,quantity_region,tail_p95_p99,224,80.75386351630802,3.358232013059989,80.79756400698707,3.2664871980609984,-0.043700490679059706,0.29045342302773536,-0.0566012392692355,0.3562763294411662,8372.728038541285,387.9213658194351,8374.63472180069,367.38795579539607,-1.9066832593996967,45.59136065747347,91.48643072530263,2.107497930849305,91.49847887952798,1.9986562485568287,-0.012048154225354324,0.24942374990147922,0.5863095238095238,0.49160549962536504,0.4136904761904761,0.49160549962536504,0.0,0.0,1.0,0.0,1.0,0.0,0.5024971134428468,0.12529330520538862,0.507336288690567,0.12526467289294335,0.5429766674836477,0.16386515339484362,0.03229865195628787,0.01257160159341445,0.6177764671544234,0.1002355173126063,0.503278647327707,0.034974990181850206,0.12169759050898608,0.16798856480688323,0.0014551137719536198,0.008481514729242731,0.007805655171978287,0.0042057347988956025,0.0016747887822843735,0.008244606899274995,0.15072360563845863,0.36278231472051164,0.31422463130383266,0.14831582255217635
yellow_trip_hourly,history,history_65_128,1475,1.2643885819656029,0.07317159513405071,1.2899788465877038,0.0929027221355874,-0.025590264622101,0.021863403392241663,-1.918036794350441,1.5239865921676858,8.71538671465196,2.2516901068806656,8.821069541608928,2.3451262607381906,-0.10568282694603175,0.33062828366157687,2.9366767705834014,0.37010051290386614,2.953324957251089,0.38524259594465127,-0.01664818666768723,0.05993786087593693,0.5821468926553672,0.06633798127937088,0.41785310734463277,0.06633798127937088,0.0,0.0,1.0,0.0,1.0,0.0,0.3756988614831267,0.06192277835935647,0.3711919883886973,0.04728556710465051,0.4198817213376363,0.08323905242551442,0.03330684296513176,0.0054413332795414365,0.6660300779308976,0.04187779890433585,0.6451767436015067,0.0371601250678693,0.0172742578210467,0.004105195598759756,-0.08563252418380925,0.01352217203834898,0.08617377584095055,0.013777560408289558,-0.054893302701960855,0.006293216121723827,-0.1518051674675807,0.016312092936862164,0.17825511148420428,0.011946302425790688
yellow_trip_hourly,history,history_gt_128,5552,62.96829297634756,12.030573293568523,65.18450448355718,13.409449969440693,-2.2162115072096116,4.282736160216397,-3.0618031986393017,7.100427337547358,31925.138186243665,14856.901549425145,35187.06430550395,16941.588301951233,-3261.926117483439,4092.718252676637,175.71138367919346,39.69851064813878,184.15745542806283,43.699472235342824,-8.446071748869372,11.947827185718804,0.5402857829010567,0.08395619676882089,0.4597142170989434,0.0839561967688209,0.0,0.0,1.0,0.0,1.0,0.0,0.2307332114202009,0.03835695772368665,0.1977526197830836,0.04394127170058126,0.3656945526599884,0.030204452462327305,0.021447542918833485,0.0046494183527037766,0.4020909697752746,0.09398097476803112,0.3688632458834001,0.07981373134652694,0.028632365397623167,0.01973431028346397,-0.007542624141234691,0.006304746025912608,0.048669713098748235,0.011169751014124766,-0.001460194086707864,0.007175710203761425,11.693415140284012,4.731134160905695,11.93652923654239,4.73053577608561
yellow_trip_hourly,history,history_le_64,1241,0.4761134016395352,0.036551162776243325,0.5098480781399688,0.030231394607091636,-0.03373467650043366,0.013381750010164535,-6.660068947468673,2.7752640510660394,0.7347221122605051,0.03552083332918738,0.7013116206243736,0.012823735247100412,0.03341049162059719,0.02546154342490606,0.8569900290461062,0.02086392973743696,0.8374201374737343,0.007661655615350094,0.01956989157237195,0.014840539742811515,0.6642492613483749,0.03499753351529826,0.335750738651625,0.03499753351529819,0.0,0.0,1.0,0.0,1.0,0.0,0.3761795957883199,0.11390098382794596,0.3752555151780446,0.11561262977230027,0.3844483991463979,0.10425372206665191,0.023702133074702994,0.007251038262922429,0.7749284757758993,0.024740040281494763,0.6825419827443184,0.009614754622224123,0.09173075063491809,0.033854248827423515,-0.08385732666302392,0.02581820700630973,0.08385732666302392,0.02581820700630973,-0.0460232240584407,0.013231094033339953,-0.10387433506998682,0.02650194934198265,0.10387433506998682,0.02650194934198265
yellow_trip_hourly,overall,overall,8268,42.58052642652583,8.097105852662876,44.078351373536286,9.025375737178084,-1.49782494701045,2.879702072382054,-3.063549510613793,7.055343086363613,21439.542113639363,9976.872852980212,23629.95433350907,11376.77089977769,-2190.412218676548,2748.33609024933,143.9931413233889,32.53115503932925,150.91408901205588,35.809748766998005,-6.920947688667003,9.790506668487764,0.5663602644734721,0.06843279875492884,0.43363973552652796,0.0684327987549288,0.0,0.0,1.0,0.0,1.0,0.0,0.2784259178599265,0.052860077022925465,0.31981150309244794,0.06622649328654606,0.4198817213376363,0.08323905242551442,0.023901632656584335,0.0050884157797992415,0.5051390502634603,0.07352096853769592,0.4652393612170487,0.05898286723747332,0.0360769574880964,0.018863999332704363,-0.03292834600774871,0.004685162705756309,0.06064193382661647,0.013451652550215033,-0.01768135463368641,0.003709174718621884,7.809508972789103,3.175933776347123,8.062825914434493,3.1808168748923675
yellow_trip_hourly,quantity,gt_p99,79,720.7965793529139,411.407863697645,834.3429815236022,399.2252951324439,-113.5464021706883,49.75003642336424,-15.951760971395515,8.371042280713214,779598.6858885881,694783.5898980976,962397.5050805329,727169.6053128018,-182798.81911961036,84753.15068820074,821.8885336851994,395.15425611787555,930.1059123469421,382.0350053943922,-108.21737866174261,44.35797604712355,0.9113924050632911,0.13215577859380442,0.08860759493670887,0.13215577859380445,0.0,0.0,1.0,0.0,1.0,0.0,0.1977526197830836,0.04394127170058126,0.1977526197830836,0.04394127170058126,0.1977526197830836,0.04394127170058126,0.0074572758257923505,0.0016754325834873796,0.5984120264586518,0.17322116125657291,0.5378566334016213,0.13158128642731395,0.052428899435051385,0.052624634550115804,0.04039634515841802,0.013302484659090046,0.04039634515841802,0.013302484659090046,0.04038483985868688,0.013299638038008725,147.23413910040875,59.733212109515534,147.23413910040875,59.733212109515534
yellow_trip_hourly,quantity,le_p50,4364,1.402074867214699,0.06076056744996408,1.4468104344668316,0.07061732579589056,-0.0447355672521326,0.024107987859266516,-3.0655471312589335,1.6055926154872984,10.701445300358218,2.17797358273731,10.394173150381773,1.8288587984356688,0.30727214991088747,0.42519356275290976,3.2603407613964994,0.3277729853146363,3.215991714307295,0.2781288655154258,0.04434904708920451,0.06370935409973211,0.6188512068438742,0.05290894520295096,0.3811487931561259,0.052908945202951,0.0,0.0,1.0,0.0,1.0,0.0,0.3593212543650119,0.06713888656946035,0.35551116863886517,0.05638262978835515,0.4198817213376363,0.08323905242551442,0.031088402794594083,0.005992746085623031,0.6362013174146938,0.04075393605698511,0.5947011907950893,0.0318379012340908,0.03881309979919343,0.01066085971264837,-0.08105420139601056,0.014780239269343957,0.08162140743216612,0.015202209052607071,-0.05291013511593758,0.007643340766193026,-0.17883404818944817,0.015677998387907465,0.19589699063139374,0.0238340386132972
yellow_trip_hourly,quantity,p50_p90,3138,29.64740643355404,3.640137779791029,28.807856583661124,2.41889758531019,0.8395498498929187,1.3817935908949333,2.7111043943734856,4.429286067139906,4018.68372332441,1471.7410817808877,3626.312035872841,1023.4203914748199,392.37168739397083,472.06095388368436,62.730477445586054,11.196266527724504,59.8351696350461,8.312446446573281,2.895307810539959,3.140763997196725,0.46643297216910984,0.07358157036482611,0.5335670278308902,0.07358157036482611,0.0,0.0,1.0,0.0,1.0,0.0,0.18562946377972242,0.0399115287975819,0.19445894161860147,0.04941083652638023,0.32109082738558453,0.06528756695238083,0.01760726609958416,0.004882330340632864,0.30517893953402003,0.0987930422760463,0.27220922412415277,0.08238764941408518,0.02833721429265486,0.023465132494426024,0.016102303611730456,0.01132173842794961,0.03640909671063686,0.012426661939489613,0.017143075547705593,0.011233031247109095,3.9981028912729433,1.6307109385450194,4.144405702015436,1.629025522780088
yellow_trip_hourly,quantity,p90_p95,386,208.4335556689116,29.04426181086239,206.94950033922476,25.61483265579065,1.4840553296868257,17.362109501816335,0.76504674278826,8.282274996815461,74761.59276075983,19367.458056462125,71841.61779475897,13271.894510371081,2919.9749654858842,11112.00987171125,271.840878537537,36.00269816346856,267.2235525297774,25.490903322291334,4.61732600775962,19.309809688386256,0.5993091537132987,0.2194643569499869,0.4006908462867012,0.21946435694998692,0.0,0.0,1.0,0.0,1.0,0.0,0.19765876151222436,0.0440963099082076,0.19775262475013733,0.04394126349727706,0.19775262475013733,0.04394126349727706,0.009422099426877726,0.0022105806008591846,0.5660207652726528,0.1716567659033169,0.507650390112956,0.13436045949441167,0.05182592812700387,0.04736548665983226,0.04038686581946819,0.013318594284000337,0.04038686581946819,0.013318594284000337,0.04034193480364811,0.013306479514522277,40.66219404942013,16.013893734759243,40.66219404942013,16.013893734759243
yellow_trip_hourly,quantity,p95_p99,301,383.73851869906304,108.55036288575808,405.08728169285973,124.85117007245101,-21.348762993796715,36.61176705646697,-4.42763902887657,10.097283781763208,246373.86237088285,102885.85577076122,266403.5472395904,121994.55539891326,-20029.684853656214,36159.49194993072,489.62314737539765,99.82261210586829,507.7290694508499,113.6754543041135,-18.10592207545223,37.699978631086985,0.7142857142857143,0.24257042307337953,0.28571428571428575,0.24257042307337956,0.0,0.0,1.0,0.0,1.0,0.0,0.1977526198325891,0.04394127161882076,0.1977526197830836,0.04394127170058126,0.1977526197830836,0.04394127170058126,0.00821014225755221,0.0018653077392509789,0.5870333575991169,0.17277235576627217,0.5271985780361087,0.13272163131071568,0.05260813031613761,0.05031403672384161,0.04039634515841802,0.013302484659090046,0.04039634515841802,0.013302484659090046,0.04037551256773348,0.013297164953961495,84.63887444683088,34.09627390578437,84.63887444683088,34.09627390578437
yellow_trip_hourly,quantity_region,body_le_p95,7888,22.769722185245612,2.728775000652818,22.387860272120008,1.942154512378485,0.3818619131256069,1.4076310863601043,1.589956757917225,6.080702647665864,5263.0965310263755,1492.2183660231246,4963.944194849671,947.3487489539493,299.1523361285552,731.6500418645167,72.06309023586334,10.247503843682658,70.22954629515935,6.901632635732654,1.8335439407039875,4.678036643713836,0.5572599729546991,0.061203547657512236,0.44274002704530085,0.06120354765751225,0.0,0.0,1.0,0.0,1.0,0.0,0.2823123089925709,0.05333344591063178,0.3288176755110423,0.061395447642644006,0.4198817213376363,0.08323905242551442,0.024665101571358834,0.005245701096363246,0.5010798778968968,0.06944492290272544,0.46214776781376293,0.05616516767800486,0.03528237249379495,0.017349352292324573,-0.0364607221034819,0.005211510269827827,0.06161725376752866,0.013465381195525648,-0.02047830524125802,0.003630818573332268,3.481392240059827,1.4319332873563193,3.7469125840664312,1.4361521423810002
yellow_trip_hourly,quantity_region,extreme_tail_gt_p99,79,720.7965793529139,411.407863697645,834.3429815236022,399.2252951324439,-113.5464021706883,49.75003642336424,-15.951760971395515,8.371042280713214,779598.6858885881,694783.5898980976,962397.5050805329,727169.6053128018,-182798.81911961036,84753.15068820074,821.8885336851994,395.15425611787555,930.1059123469421,382.0350053943922,-108.21737866174261,44.35797604712355,0.9113924050632911,0.13215577859380442,0.08860759493670887,0.13215577859380445,0.0,0.0,1.0,0.0,1.0,0.0,0.1977526197830836,0.04394127170058126,0.1977526197830836,0.04394127170058126,0.1977526197830836,0.04394127170058126,0.0074572758257923505,0.0016754325834873796,0.5984120264586518,0.17322116125657291,0.5378566334016213,0.13158128642731395,0.052428899435051385,0.052624634550115804,0.04039634515841802,0.013302484659090046,0.04039634515841802,0.013302484659090046,0.04038483985868688,0.013299638038008725,147.23413910040875,59.733212109515534,147.23413910040875,59.733212109515534
yellow_trip_hourly,quantity_region,tail_p95_p99,301,383.73851869906304,108.55036288575808,405.08728169285973,124.85117007245101,-21.348762993796715,36.61176705646697,-4.42763902887657,10.097283781763208,246373.86237088285,102885.85577076122,266403.5472395904,121994.55539891326,-20029.684853656214,36159.49194993072,489.62314737539765,99.82261210586829,507.7290694508499,113.6754543041135,-18.10592207545223,37.699978631086985,0.7142857142857143,0.24257042307337953,0.28571428571428575,0.24257042307337956,0.0,0.0,1.0,0.0,1.0,0.0,0.1977526198325891,0.04394127161882076,0.1977526197830836,0.04394127170058126,0.1977526197830836,0.04394127170058126,0.00821014225755221,0.0018653077392509789,0.5870333575991169,0.17277235576627217,0.5271985780361087,0.13272163131071568,0.05260813031613761,0.05031403672384161,0.04039634515841802,0.013302484659090046,0.04039634515841802,0.013302484659090046,0.04037551256773348,0.013297164953961495,84.63887444683088,34.09627390578437,84.63887444683088,34.09627390578437
